{
    "name": "Bank of Israel",
    "country": "ISR",
    "currency": "New Israeli Sheqel",
    "currency_code": "ILS",
    "advanced": 1.0,
    "cb_location": "Jerusalem",
    "cb_latitude": 31.7683,
    "cb_longitude": 35.2137,
    "number_of_speeches": [
        8,
        2,
        1,
        9,
        9,
        12,
        9,
        2,
        4,
        2,
        2,
        6,
        9,
        7,
        9,
        6,
        3,
        5,
        2,
        2
    ],
    "number_of_speakers": 8,
    "speakers": {
        "Stanley Fischer": 50,
        "Karnit Flug": 33,
        "David Klein": 11,
        "Yaron Amir": 8,
        "Nadine Baudot-Trajtenberg": 4,
        "Meir Sokoler": 1,
        "Jean-Pierre Roth": 1,
        "Andrew Abir": 1
    },
    "audiences": {
        "academic": 0.3577981651376147,
        "financial_market": 0.30275229357798167,
        "political": 0.21100917431192662,
        "central_bank": 0.12844036697247707
    },
    "monetary_dominance": 0.7040450059599319,
    "fiscal_dominance_mean": 0.14865167328540752,
    "financial_dominance_mean": 0.14730332075466054,
    "top_topics": [
        [
            "economic growth",
            0.3853211009174312
        ],
        [
            "monetary policy",
            0.3577981651376147
        ],
        [
            "inflation",
            0.3394495412844037
        ],
        [
            "financial stability",
            0.25688073394495414
        ],
        [
            "fiscal policy",
            0.2018348623853211
        ],
        [
            "poverty",
            0.1834862385321101
        ],
        [
            "labor market",
            0.1651376146788991
        ],
        [
            "education",
            0.1651376146788991
        ],
        [
            "productivity",
            0.14678899082568808
        ],
        [
            "price stability",
            0.13761467889908258
        ]
    ],
    "year": [
        2001,
        2003,
        2004,
        2005,
        2006,
        2007,
        2008,
        2009,
        2010,
        2011,
        2012,
        2013,
        2014,
        2015,
        2016,
        2017,
        2018,
        2019,
        2020,
        2022
    ],
    "monetary_dominance_yearly": [
        0.5256520765710032,
        1.0,
        1.0,
        0.8825724672650644,
        0.6469530872376296,
        0.8238903804700629,
        0.6934805373004983,
        0.5608490566037736,
        0.5357142857142857,
        0.5291738879260544,
        0.5492957746478874,
        0.5127593600940229,
        0.852180339985218,
        0.6953395472703062,
        0.8190197248788884,
        0.6782608695652175,
        1.0,
        0.7515676187551188,
        0.5,
        0.6666666666666666
    ],
    "fiscal_dominance_yearly": [
        0.3267398025121083,
        0.0,
        0.0,
        0.08085877596542589,
        0.16874966808493785,
        0.1261221729384702,
        0.1558415180183433,
        0.13254716981132078,
        0.05046583850931677,
        0.15309069901790873,
        0.3661971830985915,
        0.18294771850638591,
        0.0,
        0.12303595206391478,
        0.018364542413347958,
        0.2608695652173913,
        0.0,
        0.11254222972972971,
        0.3333333333333333,
        0.0
    ],
    "financial_dominance_yearly": [
        0.1476081209168884,
        0.0,
        0.0,
        0.03656875676950959,
        0.18429724467743255,
        0.049987446591466846,
        0.15067794468115836,
        0.3066037735849057,
        0.41381987577639756,
        0.317735413056037,
        0.08450704225352113,
        0.30429292139959113,
        0.14781966001478197,
        0.18162450066577895,
        0.16261573270776364,
        0.06086956521739131,
        0.0,
        0.13589015151515152,
        0.16666666666666666,
        0.3333333333333333
    ]
}