{
    "name": "Bank of Spain",
    "country": "ESP",
    "currency": "Euro",
    "currency_code": "EUR",
    "advanced": 1.0,
    "cb_location": "Madrid",
    "cb_latitude": 40.4168,
    "cb_longitude": -3.7038,
    "number_of_speeches": [
        1,
        1,
        2,
        9,
        15,
        10,
        9,
        6,
        8,
        10,
        10,
        9,
        13,
        17,
        19,
        15,
        12,
        17,
        24,
        32,
        34,
        32,
        30,
        20
    ],
    "number_of_speakers": 9,
    "speakers": {
        "Pablo Hern\u00e1ndez de Cos": 132,
        "Luis M Linde": 75,
        "Miguel Fernandez Ordonez": 48,
        "Jaime Caruana": 44,
        "Margarita Delgado": 30,
        "Fernando Restoy": 17,
        "Javier Alonso": 5,
        "Javier Ar\u00edztegui": 3,
        "Luis \u00c1ngel Rojo": 1
    },
    "audiences": {
        "financial_market": 0.4422535211267606,
        "academic": 0.23380281690140844,
        "political": 0.16338028169014085,
        "central_bank": 0.16056338028169015
    },
    "monetary_dominance": 0.6839774681389356,
    "fiscal_dominance_mean": 0.08562299335472318,
    "financial_dominance_mean": 0.23039953850634126,
    "top_topics": [
        [
            "monetary policy",
            0.3070422535211268
        ],
        [
            "financial stability",
            0.27323943661971833
        ],
        [
            "inflation",
            0.2140845070422535
        ],
        [
            "fiscal policy",
            0.19436619718309858
        ],
        [
            "risk management",
            0.15211267605633802
        ],
        [
            "economic growth",
            0.13521126760563382
        ],
        [
            "structural reforms",
            0.11830985915492959
        ],
        [
            "banking union",
            0.10422535211267606
        ],
        [
            "spanish economy",
            0.09014084507042254
        ],
        [
            "fiscal consolidation",
            0.08450704225352113
        ]
    ],
    "year": [
        2000,
        2001,
        2002,
        2003,
        2004,
        2005,
        2006,
        2007,
        2008,
        2009,
        2010,
        2011,
        2012,
        2013,
        2014,
        2015,
        2016,
        2017,
        2018,
        2019,
        2020,
        2021,
        2022,
        2023
    ],
    "monetary_dominance_yearly": [
        0.8666666666666667,
        0.6363636363636364,
        0.875,
        0.7208033936455718,
        0.6884393318348098,
        0.6222405166467128,
        0.8289648098812219,
        0.9084774998731672,
        0.3416070180839275,
        0.6002281538563219,
        0.5413729913547692,
        0.6867830523266083,
        0.6755080148789483,
        0.7184854640449421,
        0.5009253833201693,
        0.7495503669097486,
        0.5651883447942107,
        0.6251578083167,
        0.8498515344150391,
        0.6469715142118362,
        0.7164218082859606,
        0.6304524190214188,
        0.8216284171244144,
        0.6081736328498216
    ],
    "fiscal_dominance_yearly": [
        0.0,
        0.0,
        0.08333333333333331,
        0.19911695957059994,
        0.14438714795715987,
        0.01830097492380077,
        0.004961630139275701,
        0.0,
        0.02875578983727562,
        0.09026824223222885,
        0.245278620415896,
        0.16942243221414405,
        0.16952956925967685,
        0.04792171545350969,
        0.12372517134182891,
        0.10503949224904585,
        0.18189143866836235,
        0.05396221201599613,
        0.09514931421656388,
        0.060494329156577105,
        0.05810116398739592,
        0.10568512158609632,
        0.03067588328509374,
        0.0329888759505842
    ],
    "financial_dominance_yearly": [
        0.13333333333333333,
        0.3636363636363636,
        0.04166666666666666,
        0.08007964678382823,
        0.1671735202080303,
        0.3594585084294865,
        0.16607355997950238,
        0.09152250012683275,
        0.6296371920787969,
        0.30950360391144927,
        0.21334838822933483,
        0.1437945154592476,
        0.15496241586137488,
        0.23359282050154817,
        0.37534944533800174,
        0.1454101408412055,
        0.25292021653742697,
        0.32087997966730386,
        0.054999151368396976,
        0.2925341566315867,
        0.22547702772664352,
        0.2638624593924849,
        0.14769569959049192,
        0.35883749119959424
    ]
}