{
    "name": "Bank of Mauritius",
    "country": "MUS",
    "currency": "Mauritius Rupee",
    "currency_code": "MUR",
    "advanced": 0.0,
    "cb_location": "Port Louis",
    "cb_latitude": -20.1609,
    "cb_longitude": 57.4977,
    "number_of_speeches": [
        1,
        7,
        3,
        2,
        7,
        14,
        10,
        15,
        3,
        15,
        13,
        12,
        3,
        1,
        5,
        12,
        6,
        10,
        7,
        5,
        6,
        5
    ],
    "number_of_speakers": 12,
    "speakers": {
        "Rundheersing Bheenick": 65,
        "Yandraduth Googoolye": 37,
        "Harvesh Seegolam": 19,
        "R Basant Roi": 16,
        "Rameswurlall Basant Roi": 13,
        "Baboo R Gujadhur": 3,
        "Mardayah Kona Yerukunondu": 3,
        "Mohammed Iqbal Belath": 2,
        "Jameel Khadaroo": 1,
        "Iqbal Belath": 1,
        "Vikram Punchoo": 1,
        "Mahendra Vikramdass Punchoo": 1
    },
    "audiences": {
        "financial_market": 0.5617283950617284,
        "central_bank": 0.345679012345679,
        "academic": 0.08641975308641975,
        "political": 0.006172839506172839
    },
    "monetary_dominance": 0.5287837976224667,
    "fiscal_dominance_mean": 0.14915973200778354,
    "financial_dominance_mean": 0.3220564703697497,
    "top_topics": [
        [
            "financial stability",
            0.42592592592592593
        ],
        [
            "monetary policy",
            0.3209876543209877
        ],
        [
            "risk management",
            0.20987654320987653
        ],
        [
            "economic growth",
            0.20370370370370372
        ],
        [
            "inflation",
            0.18518518518518517
        ],
        [
            "banking sector",
            0.12345679012345678
        ],
        [
            "central bank",
            0.11728395061728396
        ],
        [
            "regulation",
            0.11111111111111112
        ],
        [
            "financial inclusion",
            0.11111111111111112
        ],
        [
            "corporate governance",
            0.10493827160493827
        ]
    ],
    "year": [
        2002,
        2003,
        2004,
        2005,
        2006,
        2007,
        2008,
        2009,
        2010,
        2011,
        2012,
        2013,
        2014,
        2015,
        2016,
        2017,
        2018,
        2019,
        2020,
        2021,
        2022,
        2023
    ],
    "monetary_dominance_yearly": [
        0.5,
        0.5105740181268883,
        0.6637931034482759,
        0.47368421052631576,
        0.5563770794824399,
        0.7709077524903384,
        0.7044691261745135,
        0.5479826827227418,
        0.6247086247086246,
        0.5465249181858827,
        0.5301699586526876,
        0.44053135193131066,
        0.7725856697819315,
        0.13513513513513514,
        0.34065934065934067,
        0.47287835222984986,
        0.5714285714285714,
        0.2857142857142857,
        0.5648604269293924,
        0.17391304347826086,
        0.5692307692307692,
        0.11111111111111112
    ],
    "fiscal_dominance_yearly": [
        0.0,
        0.1782477341389728,
        0.1982758620689655,
        0.15789473684210528,
        0.18114602587800369,
        0.09530056295093882,
        0.024527993358574106,
        0.37123731218394157,
        0.030303030303030307,
        0.1517576151250268,
        0.0752150381172924,
        0.1402610541472723,
        0.03271028037383177,
        0.08108108108108109,
        0.0,
        0.06443948179285088,
        0.0,
        0.0,
        0.2545155993431856,
        0.17391304347826086,
        0.0,
        0.888888888888889
    ],
    "financial_dominance_yearly": [
        0.5,
        0.311178247734139,
        0.1379310344827586,
        0.368421052631579,
        0.26247689463955637,
        0.1337916845587229,
        0.2710028804669124,
        0.08078000509331686,
        0.344988344988345,
        0.30171746668909044,
        0.39461500323001997,
        0.41920759392141704,
        0.19470404984423675,
        0.7837837837837838,
        0.6593406593406593,
        0.4626821659772993,
        0.4285714285714286,
        0.7142857142857143,
        0.18062397372742198,
        0.6521739130434783,
        0.4307692307692308,
        0.0
    ]
}