{
    "name": "Bank of Russia",
    "country": "RUS",
    "currency": "Russian Ruble",
    "currency_code": "RUB",
    "advanced": 0.0,
    "cb_location": "Moscow",
    "cb_latitude": 55.7558,
    "cb_longitude": 37.6173,
    "number_of_speeches": [
        1,
        2,
        2,
        3,
        7,
        1,
        5,
        6,
        12
    ],
    "number_of_speakers": 4,
    "speakers": {
        "Elvira Nabiullina": 35,
        "Ksenia Yudaeva": 2,
        "Sergey Ignatiev": 1,
        "Alexey Zabotkin": 1
    },
    "audiences": {
        "central_bank": 0.46153846153846156,
        "political": 0.28205128205128205,
        "financial_market": 0.20512820512820512,
        "academic": 0.05128205128205128
    },
    "monetary_dominance": 0.7135551143480835,
    "fiscal_dominance_mean": 0.09857353650960166,
    "financial_dominance_mean": 0.18787134914231485,
    "top_topics": [
        [
            "monetary policy",
            0.8461538461538463
        ],
        [
            "inflation",
            0.7179487179487178
        ],
        [
            "economic growth",
            0.41025641025641024
        ],
        [
            "financial stability",
            0.3333333333333333
        ],
        [
            "oil prices",
            0.3076923076923077
        ],
        [
            "key rate",
            0.3076923076923077
        ],
        [
            "inflation expectations",
            0.2564102564102564
        ],
        [
            "lending",
            0.20512820512820512
        ],
        [
            "interest rates",
            0.17948717948717946
        ],
        [
            "risks",
            0.15384615384615385
        ]
    ],
    "year": [
        2007,
        2014,
        2015,
        2016,
        2017,
        2018,
        2019,
        2020,
        2021
    ],
    "monetary_dominance_yearly": [
        0.7407407407407407,
        0.6989157631359466,
        0.7891156462585034,
        0.4672974669884435,
        0.557365175237602,
        0.9333333333333333,
        0.7572759022118742,
        0.6022920188878037,
        0.7878059291438505
    ],
    "fiscal_dominance_yearly": [
        0.07407407407407407,
        0.06755629691409508,
        0.0,
        0.36347048089940553,
        0.07297276549124516,
        0.06666666666666667,
        0.15192083818393481,
        0.29379180711757974,
        0.002719909780479901
    ],
    "financial_dominance_yearly": [
        0.18518518518518517,
        0.23352793994995832,
        0.21088435374149658,
        0.169232052112151,
        0.3696620592711528,
        0.0,
        0.09080325960419092,
        0.10391617399461647,
        0.20947416107566963
    ]
}