{
    "name": "Bank of Namibia",
    "country": "NAM",
    "currency": "Namibia Dollar",
    "currency_code": "NAD",
    "advanced": 0.0,
    "cb_location": "Windhoek",
    "cb_latitude": -22.5609,
    "cb_longitude": 17.0658,
    "number_of_speeches": [
        1,
        1,
        1,
        4,
        2,
        1,
        2,
        2,
        1,
        3,
        9,
        2,
        1,
        1,
        1,
        1,
        1,
        1
    ],
    "number_of_speakers": 7,
    "speakers": {
        "Ipumbu Shiimi": 16,
        "Tom Alweendo": 10,
        "Ebson Uanguta": 3,
        "Paul Hartmann": 2,
        "Johannes !Gawaxab": 2,
        "LS Ipangelwa": 1,
        "Michael Mambo Mukete": 1
    },
    "audiences": {
        "central_bank": 0.42857142857142855,
        "financial_market": 0.42857142857142855,
        "political": 0.08571428571428572,
        "academic": 0.05714285714285714
    },
    "monetary_dominance": 0.5737958942734919,
    "fiscal_dominance_mean": 0.010831232209463689,
    "financial_dominance_mean": 0.41537287351704444,
    "top_topics": [
        [
            "financial inclusion",
            0.4
        ],
        [
            "economic growth",
            0.2571428571428571
        ],
        [
            "namibia",
            0.22857142857142856
        ],
        [
            "monetary policy",
            0.2
        ],
        [
            "financial stability",
            0.17142857142857143
        ],
        [
            "poverty reduction",
            0.14285714285714285
        ],
        [
            "financial sector",
            0.14285714285714285
        ],
        [
            "inflation",
            0.11428571428571428
        ],
        [
            "access to finance",
            0.11428571428571428
        ],
        [
            "payment system",
            0.11428571428571428
        ]
    ],
    "year": [
        1999,
        2000,
        2001,
        2004,
        2005,
        2007,
        2008,
        2009,
        2010,
        2011,
        2012,
        2013,
        2014,
        2015,
        2017,
        2018,
        2022,
        2023
    ],
    "monetary_dominance_yearly": [
        0.8202247191011236,
        1.0,
        0.0,
        0.5657558239150162,
        0.07142857142857144,
        null,
        0.967741935483871,
        0.0,
        null,
        null,
        1.0,
        0.0,
        null,
        null,
        null,
        null,
        1.0,
        1.0
    ],
    "fiscal_dominance_yearly": [
        0.12359550561797751,
        0.0,
        0.0,
        0.0,
        0.0,
        null,
        0.0,
        0.0,
        null,
        null,
        0.0,
        0.0,
        null,
        null,
        null,
        null,
        0.0,
        0.0
    ],
    "financial_dominance_yearly": [
        0.056179775280898875,
        0.0,
        1.0,
        0.4342441760849838,
        0.9285714285714286,
        null,
        0.03225806451612903,
        1.0,
        null,
        null,
        0.0,
        1.0,
        null,
        null,
        null,
        null,
        0.0,
        0.0
    ]
}