{
    "name": "Bank of Uganda",
    "country": "UGA",
    "currency": "Uganda Shilling",
    "currency_code": "UGX",
    "advanced": 0.0,
    "cb_location": "Kampala",
    "cb_latitude": 0.3476,
    "cb_longitude": 32.5825,
    "number_of_speeches": [
        2,
        9,
        9,
        7,
        6,
        16,
        9,
        13,
        16,
        13,
        11,
        15,
        13,
        8,
        7
    ],
    "number_of_speakers": 5,
    "speakers": {
        "Emmanuel Tumusiime-Mutebile": 111,
        "Louis Kasekende": 35,
        "David Opiokello": 4,
        "David G Opiokello": 2,
        "Elliot Mwebya": 2
    },
    "audiences": {
        "financial_market": 0.5194805194805194,
        "central_bank": 0.2792207792207792,
        "political": 0.11688311688311688,
        "academic": 0.08441558441558442
    },
    "monetary_dominance": 0.7396876689553157,
    "fiscal_dominance_mean": 0.1169339758797714,
    "financial_dominance_mean": 0.1433783551649129,
    "top_topics": [
        [
            "monetary policy",
            0.2792207792207792
        ],
        [
            "economic growth",
            0.2272727272727273
        ],
        [
            "financial inclusion",
            0.2142857142857143
        ],
        [
            "inflation",
            0.2012987012987013
        ],
        [
            "financial stability",
            0.18181818181818182
        ],
        [
            "risk management",
            0.14285714285714285
        ],
        [
            "financial services",
            0.09090909090909091
        ],
        [
            "financial literacy",
            0.08441558441558442
        ],
        [
            "fiscal policy",
            0.08441558441558442
        ],
        [
            "bank of uganda",
            0.07792207792207792
        ]
    ],
    "year": [
        2005,
        2006,
        2007,
        2008,
        2009,
        2010,
        2011,
        2012,
        2013,
        2014,
        2015,
        2016,
        2017,
        2018,
        2019
    ],
    "monetary_dominance_yearly": [
        0.43478260869565216,
        0.9153605015673981,
        0.6983930778739185,
        1.0,
        0.6382638624805832,
        0.8946271421954608,
        0.7399317406143344,
        0.9026186579378069,
        0.7605063060601921,
        0.7457126280139786,
        0.34920634920634924,
        0.6181143916702325,
        0.7383647798742139,
        0.923076923076923,
        0.6310679611650485
    ],
    "fiscal_dominance_yearly": [
        0.34782608695652173,
        0.012539184952978056,
        0.0,
        0.0,
        0.10584663774822912,
        0.032422417786012035,
        0.020477815699658702,
        0.055646481178396066,
        0.11953436840747317,
        0.03887981865529664,
        0.5079365079365079,
        0.311282270717444,
        0.0,
        0.0,
        0.06796116504854369
    ],
    "financial_dominance_yearly": [
        0.21739130434782608,
        0.07210031347962381,
        0.3016069221260816,
        0.0,
        0.2558894997711877,
        0.07295044001852709,
        0.23959044368600682,
        0.04173486088379705,
        0.11995932553233467,
        0.2154075533307247,
        0.14285714285714288,
        0.0706033376123235,
        0.2616352201257862,
        0.07692307692307691,
        0.3009708737864078
    ]
}