{
    "name": "Bank of Ghana",
    "country": "GHA",
    "currency": "Ghana Cedi",
    "currency_code": "GHS",
    "advanced": 0.0,
    "cb_location": "Accra",
    "cb_latitude": 5.6037,
    "cb_longitude": -0.187,
    "number_of_speeches": [
        2,
        6,
        1,
        1,
        8,
        2,
        1,
        3,
        5,
        6,
        13,
        7,
        1,
        1
    ],
    "number_of_speakers": 11,
    "speakers": {
        "Ernest Addison": 17,
        "Paul A Acquah": 9,
        "Maxwell Opoku-Afari": 9,
        "Kwesi Bekoe Amissah-Arthur": 6,
        "Millison Narh": 4,
        "Dr Johnson P Asiama": 3,
        "Elsie Addo Awadzi": 3,
        "Henry A Kofi Wampah": 2,
        "Abdul-Nashiru Issahaku": 2,
        "Lionel Van Lare Dosoo": 1,
        "Addo Awadzi": 1
    },
    "audiences": {
        "financial_market": 0.6842105263157895,
        "central_bank": 0.2631578947368421,
        "academic": 0.05263157894736842
    },
    "monetary_dominance": 0.6707483098422097,
    "fiscal_dominance_mean": 0.1564502343267484,
    "financial_dominance_mean": 0.1728014558310419,
    "top_topics": [
        [
            "monetary policy",
            0.3508771929824561
        ],
        [
            "financial inclusion",
            0.2982456140350877
        ],
        [
            "financial stability",
            0.2807017543859649
        ],
        [
            "inflation",
            0.2631578947368421
        ],
        [
            "banking sector",
            0.2280701754385965
        ],
        [
            "economic growth",
            0.21052631578947367
        ],
        [
            "macroeconomic stability",
            0.17543859649122806
        ],
        [
            "financial intermediation",
            0.14035087719298245
        ],
        [
            "risk management",
            0.14035087719298245
        ],
        [
            "capital adequacy",
            0.14035087719298245
        ]
    ],
    "year": [
        2005,
        2006,
        2007,
        2009,
        2010,
        2013,
        2014,
        2016,
        2017,
        2018,
        2019,
        2020,
        2021,
        2022
    ],
    "monetary_dominance_yearly": [
        null,
        0.44297314178638353,
        0.7272727272727272,
        0.0,
        0.5616597759108579,
        0.7913043478260869,
        0.7647058823529411,
        0.8293838862559242,
        0.6827033218785796,
        0.33076923076923076,
        0.785150653932509,
        1.0,
        null,
        null
    ],
    "fiscal_dominance_yearly": [
        null,
        0.13641474078700813,
        0.2727272727272727,
        0.0,
        0.40808554528064034,
        0.0,
        0.1764705882352941,
        0.0,
        0.16036655211912942,
        0.0,
        0.0,
        0.0,
        null,
        null
    ],
    "financial_dominance_yearly": [
        null,
        0.4206121174266083,
        0.0,
        1.0,
        0.030254678808501637,
        0.20869565217391306,
        0.058823529411764705,
        0.1706161137440758,
        0.15693012600229092,
        0.6692307692307693,
        0.21484934606749087,
        0.0,
        null,
        null
    ]
}