{
    "name": "Bank of Canada",
    "country": "CAN",
    "currency": "Canadian Dollar",
    "currency_code": "CAD",
    "advanced": 1.0,
    "cb_location": "Ottawa",
    "cb_latitude": 45.4215,
    "cb_longitude": -75.6972,
    "number_of_speeches": [
        7,
        6,
        9,
        9,
        12,
        18,
        16,
        21,
        24,
        25,
        29,
        24,
        24,
        23,
        31,
        25,
        28,
        22,
        23,
        28,
        27,
        28,
        19,
        26,
        14,
        25,
        22,
        2
    ],
    "number_of_speakers": 27,
    "speakers": {
        "David Dodge": 124,
        "Stephen S Poloz": 97,
        "Mark Carney": 83,
        "Tiff Macklem": 68,
        "Gordon Thiessen": 31,
        "Carolyn Wilkins": 30,
        "Timothy Lane": 25,
        "Lawrence Schembri": 18,
        "Paul Jenkins": 12,
        "John Murray": 12,
        "David Longworth": 9,
        "Pierre Duguay": 9,
        "Agathe C\u00f4t\u00e9": 8,
        "Toni Gravelle": 7,
        "Paul Beaudry": 6,
        "Lynn Patterson": 5,
        "Carolyn Rogers": 5,
        "Jean Boivin": 4,
        "Sheryl Kennedy": 4,
        "Sylvain Leduc": 2,
        "Tiff Macklem; Carolyn Rogers": 2,
        "Harold Walter Siebens": 1,
        "William C Dudley": 1,
        "Jean-Pierre Roth": 1,
        "Lawrence L Schembri": 1,
        "Sharon Kozicki": 1,
        "Nicolas Vincent": 1
    },
    "audiences": {
        "financial_market": 0.47619047619047616,
        "central_bank": 0.20105820105820105,
        "academic": 0.1675485008818342,
        "political": 0.15520282186948853
    },
    "pressures": {
        "monetary_dominance": 0.8505773198452397,
        "fiscal_dominance": 0.029196955028805552,
        "financial_dominance": 0.12022572512595488
    },
    "top_topics": [
        [
            "monetary policy",
            0.7037037037037037
        ],
        [
            "inflation",
            0.5379188712522045
        ],
        [
            "economic growth",
            0.3527336860670194
        ],
        [
            "financial stability",
            0.2398589065255732
        ],
        [
            "interest rates",
            0.2275132275132275
        ],
        [
            "inflation targeting",
            0.14462081128747795
        ],
        [
            "fiscal policy",
            0.13051146384479717
        ],
        [
            "global economy",
            0.1164021164021164
        ],
        [
            "economic outlook",
            0.10582010582010581
        ],
        [
            "labour market",
            0.10405643738977073
        ]
    ],
    "governors": [
        {
            "governor": "Louis Rasminsky",
            "beginning_of_term": "1961-07-01",
            "end_of_term": "1973-02-01",
            "acting": false
        },
        {
            "governor": "Gerald Bouey",
            "beginning_of_term": "1973-02-01",
            "end_of_term": "1987-02-01",
            "acting": false
        },
        {
            "governor": "John Crow",
            "beginning_of_term": "1987-02-01",
            "end_of_term": "1994-02-01",
            "acting": false
        },
        {
            "governor": "Gordon G. Thiessen",
            "beginning_of_term": "1994-02-01",
            "end_of_term": "2001-01-31",
            "acting": false
        },
        {
            "governor": "David A. Dodge",
            "beginning_of_term": "2001-02-01",
            "end_of_term": "2008-01-31",
            "acting": false
        },
        {
            "governor": "Mark J. Carney",
            "beginning_of_term": "2008-02-01",
            "end_of_term": "2013-06-01",
            "acting": false
        },
        {
            "governor": "Stephen S. Poloz",
            "beginning_of_term": "2013-06-03",
            "end_of_term": "2020-06-02",
            "acting": false
        },
        {
            "governor": "Tiff Macklem",
            "beginning_of_term": "2020-06-03",
            "end_of_term": null,
            "acting": false
        }
    ],
    "year": [
        1997,
        1998,
        1999,
        2000,
        2001,
        2002,
        2003,
        2004,
        2005,
        2006,
        2007,
        2008,
        2009,
        2010,
        2011,
        2012,
        2013,
        2014,
        2015,
        2016,
        2017,
        2018,
        2019,
        2020,
        2021,
        2022,
        2023,
        2024
    ],
    "monetary_dominance_yearly": [
        0.892558321983243,
        0.7717293354803202,
        0.7983555136571736,
        0.9664228188323919,
        0.9661221695415699,
        0.9577653588318132,
        0.9232074011122899,
        0.949753846433658,
        0.9533190915801046,
        0.9597069250315142,
        0.92507048493077,
        0.8238336214116099,
        0.7741787988165058,
        0.6679404177639707,
        0.6844378872027952,
        0.8548775550553104,
        0.759029848945322,
        0.7816466721629666,
        0.6221388427985384,
        0.7573776528072628,
        0.9100508880204358,
        0.9118397086591229,
        0.646370301858634,
        0.6645302733281244,
        0.9196411420277893,
        0.9385716276700908,
        0.9662987415993706,
        1.0
    ],
    "fiscal_dominance_yearly": [
        0.07252366694666756,
        0.10802383973231103,
        0.0912736406868196,
        0.024871409241498197,
        0.03056646357151582,
        0.02558463114466276,
        0.01582016718379828,
        0.0367121461009232,
        0.003631962982803167,
        0.0019052810762682493,
        0.01551017099351024,
        0.0265750958011223,
        0.024196368498560744,
        0.0737661274221771,
        0.04737958681928232,
        0.02794251306600074,
        0.06993520056406784,
        0.0,
        0.025995073262473658,
        0.031799463439064174,
        0.006723151313383231,
        0.006555089694258341,
        0.07217099064273333,
        0.04814947005094234,
        0.02162823623156442,
        0.017155412161504954,
        0.0036678256558662975,
        0.0
    ],
    "financial_dominance_yearly": [
        0.03491801107008945,
        0.12024682478736884,
        0.11037084565600673,
        0.00870577192610989,
        0.0033113668869142136,
        0.016650010023523985,
        0.060972431703911804,
        0.01353400746541871,
        0.043048945437092194,
        0.03838779389221751,
        0.059419344075719686,
        0.14959128278726788,
        0.2016248326849334,
        0.25829345481385213,
        0.26818252597792236,
        0.1171799318786888,
        0.17103495049061018,
        0.21835332783703343,
        0.35186608393898794,
        0.21082288375367314,
        0.0832259606661809,
        0.08160520164661873,
        0.2814587074986328,
        0.28732025662093313,
        0.05873062174064615,
        0.044272960168404124,
        0.03003343274476314,
        0.0
    ]
}