{
    "name": "Bank of Korea",
    "country": "KOR",
    "currency": "Won",
    "currency_code": "KRW",
    "advanced": 1.0,
    "cb_location": "Seoul",
    "cb_latitude": 37.5665,
    "cb_longitude": 126.978,
    "number_of_speeches": [
        2,
        1,
        3,
        5,
        1,
        3,
        1,
        3,
        2,
        12,
        5,
        11,
        4,
        6,
        3,
        4,
        6,
        5,
        2,
        2,
        1,
        10,
        2
    ],
    "number_of_speakers": 9,
    "speakers": {
        "Choongsoo Kim": 33,
        "Juyeol Lee": 26,
        "Chang Yong Rhee": 11,
        "Seung Park": 8,
        "Seong-Tae Lee": 7,
        "Seongtae Lee": 4,
        "Chol-Hwan Chon": 3,
        "Jun Il Kim": 1,
        "Myun-Shik Yoon": 1
    },
    "audiences": {
        "central_bank": 0.5425531914893617,
        "academic": 0.32978723404255317,
        "financial_market": 0.11702127659574468,
        "political": 0.010638297872340425
    },
    "monetary_dominance": 0.5588350486234963,
    "fiscal_dominance_mean": 0.06827668415435961,
    "financial_dominance_mean": 0.3728882672221441,
    "top_topics": [
        [
            "monetary policy",
            0.6595744680851063
        ],
        [
            "financial stability",
            0.6382978723404255
        ],
        [
            "economic growth",
            0.32978723404255317
        ],
        [
            "inflation",
            0.3191489361702127
        ],
        [
            "global financial crisis",
            0.18085106382978722
        ],
        [
            "economic recovery",
            0.1382978723404255
        ],
        [
            "household debt",
            0.11702127659574468
        ],
        [
            "inflation targeting",
            0.11702127659574468
        ],
        [
            "central bank",
            0.10638297872340426
        ],
        [
            "international cooperation",
            0.09574468085106383
        ]
    ],
    "year": [
        1998,
        1999,
        2003,
        2004,
        2005,
        2006,
        2007,
        2008,
        2009,
        2010,
        2011,
        2012,
        2013,
        2014,
        2015,
        2016,
        2017,
        2018,
        2019,
        2020,
        2021,
        2022,
        2023
    ],
    "monetary_dominance_yearly": [
        0.1518987341772152,
        0.303030303030303,
        0.619047619047619,
        0.5008249587520623,
        null,
        0.6974358974358975,
        0.5,
        0.36734693877551017,
        0.2,
        0.4143505900036754,
        0.42265987202574806,
        0.5089665911688491,
        0.6000021881119876,
        0.4373650107991361,
        0.673469387755102,
        0.6559139784946236,
        0.14285714285714285,
        1.0,
        0.75,
        0.5374149659863946,
        0.0,
        0.828967560947465,
        1.0
    ],
    "fiscal_dominance_yearly": [
        0.0759493670886076,
        0.0303030303030303,
        0.33333333333333337,
        0.24988750562471876,
        null,
        0.0,
        0.0,
        0.0,
        0.0,
        0.08401461307048567,
        0.0,
        0.1497827785743126,
        0.0,
        0.0,
        0.0,
        0.0,
        0.0,
        0.0,
        0.0,
        0.0,
        0.0,
        0.04714634664298036,
        0.0
    ],
    "financial_dominance_yearly": [
        0.7721518987341772,
        0.6666666666666666,
        0.047619047619047616,
        0.24928753562321884,
        null,
        0.30256410256410254,
        0.5,
        0.6326530612244898,
        0.8,
        0.501634796925839,
        0.5773401279742519,
        0.3412506302568382,
        0.39999781188801237,
        0.5626349892008639,
        0.326530612244898,
        0.3440860215053763,
        0.8571428571428571,
        0.0,
        0.25,
        0.46258503401360546,
        1.0,
        0.12388609240955457,
        0.0
    ]
}