{
    "name": "Bank Indonesia",
    "country": "IDN",
    "currency": "Rupiah",
    "currency_code": "IDR",
    "advanced": 0.0,
    "cb_location": "Jakarta",
    "cb_latitude": -6.2088,
    "cb_longitude": 106.8456,
    "number_of_speeches": [
        3,
        2,
        2,
        2,
        2,
        3,
        6,
        4,
        3,
        2,
        1,
        6,
        11,
        11,
        2,
        1,
        1,
        1,
        1,
        1
    ],
    "number_of_speakers": 13,
    "speakers": {
        "Agus D W Martowardojo": 15,
        "Burhanuddin Abdullah": 8,
        "Perry Warjiyo": 7,
        "Budi Mulya": 5,
        "Darmin Nasution": 5,
        "Erwin Rijanto": 5,
        "Ronald Waas": 4,
        "Syahril Sabirin": 3,
        "Miranda S Goeltom": 3,
        "Halim Alamsyah": 3,
        "Hendar": 3,
        "Boediono": 2,
        "S Budi Rochadi": 2
    },
    "audiences": {
        "financial_market": 0.5384615384615384,
        "central_bank": 0.24615384615384617,
        "academic": 0.18461538461538463,
        "political": 0.03076923076923077
    },
    "monetary_dominance": 0.6432818808317498,
    "fiscal_dominance_mean": 0.07327515123072777,
    "financial_dominance_mean": 0.28344296793752255,
    "top_topics": [
        [
            "monetary policy",
            0.523076923076923
        ],
        [
            "economic growth",
            0.4
        ],
        [
            "inflation",
            0.3230769230769231
        ],
        [
            "financial stability",
            0.2923076923076923
        ],
        [
            "fiscal policy",
            0.2
        ],
        [
            "economic recovery",
            0.16923076923076924
        ],
        [
            "macroeconomic stability",
            0.13846153846153847
        ],
        [
            "financial system stability",
            0.12307692307692308
        ],
        [
            "financial inclusion",
            0.12307692307692308
        ],
        [
            "exchange rate",
            0.10769230769230768
        ]
    ],
    "year": [
        1999,
        2003,
        2005,
        2006,
        2007,
        2008,
        2009,
        2010,
        2011,
        2012,
        2013,
        2014,
        2015,
        2016,
        2017,
        2018,
        2019,
        2020,
        2021,
        2022
    ],
    "monetary_dominance_yearly": [
        0.6152708865834711,
        0.68,
        0.7533333333333333,
        0.6527777777777777,
        0.3384912959381045,
        0.867595818815331,
        0.3511762164709579,
        0.8166221405910836,
        0.647899910634495,
        0.12396694214876033,
        0.8571428571428571,
        0.8725413393745632,
        0.7977289612237695,
        0.7366356016120487,
        0.0,
        0.875,
        1.0,
        0.24324324324324326,
        0.4,
        0.5522388059701492
    ],
    "fiscal_dominance_yearly": [
        0.07001453415526486,
        0.04,
        0.0,
        0.06547619047619047,
        0.04061895551257254,
        0.04878048780487805,
        0.07599261673801201,
        0.1468943062280848,
        0.020554066130473635,
        0.0,
        0.0,
        0.020008045563295294,
        0.07939610867852039,
        0.05067351644375502,
        0.0,
        0.0,
        0.0,
        0.6486486486486487,
        0.5333333333333333,
        0.38805970149253727
    ],
    "financial_dominance_yearly": [
        0.314714579261264,
        0.28,
        0.24666666666666665,
        0.28174603174603174,
        0.6208897485493231,
        0.08362369337979095,
        0.5728311667910301,
        0.03648355318083152,
        0.33154602323503124,
        0.8760330578512396,
        0.14285714285714285,
        0.10745061506214139,
        0.12287493009771008,
        0.21269088194419625,
        1.0,
        0.125,
        0.0,
        0.10810810810810811,
        0.06666666666666667,
        0.05970149253731343
    ]
}