{
    "name": "Bank for International Settlements",
    "country": null,
    "currency": null,
    "currency_code": null,
    "advanced": null,
    "cb_location": "Basel",
    "cb_latitude": 47.5596,
    "cb_longitude": 7.5886,
    "number_of_speeches": [
        1,
        3,
        2,
        3,
        4,
        1,
        2,
        2,
        1
    ],
    "number_of_speakers": 6,
    "speakers": {
        "Andrew Crockett": 10,
        "William R White": 4,
        "Malcolm D Knight": 2,
        "Mike Moore": 1,
        "Martin Feldstein": 1,
        "M\u00e1xima of the Netherlands": 1
    },
    "audiences": {
        "academic": 0.47368421052631576,
        "central_bank": 0.3157894736842105,
        "financial_market": 0.21052631578947367
    },
    "monetary_dominance": 0.4326402679091139,
    "fiscal_dominance_mean": 0.023769756426803526,
    "financial_dominance_mean": 0.5435899756640826,
    "top_topics": [
        [
            "financial stability",
            0.7777777777777778
        ],
        [
            "risk management",
            0.3333333333333333
        ],
        [
            "monetary policy",
            0.2777777777777778
        ],
        [
            "inflation",
            0.16666666666666666
        ],
        [
            "economic growth",
            0.16666666666666666
        ],
        [
            "central bank independence",
            0.11111111111111112
        ],
        [
            "exchange rates",
            0.11111111111111112
        ],
        [
            "market forces",
            0.11111111111111112
        ],
        [
            "financial crisis",
            0.11111111111111112
        ],
        [
            "banking supervision",
            0.11111111111111112
        ]
    ],
    "year": [
        1997,
        1998,
        1999,
        2000,
        2001,
        2002,
        2004,
        2007,
        2015
    ],
    "monetary_dominance_yearly": [
        0.6867469879518072,
        0.31578947368421056,
        0.6296296296296298,
        0.060921248142644865,
        0.16486249736248135,
        0.8181818181818181,
        0.2530120481927711,
        0.5,
        null
    ],
    "fiscal_dominance_yearly": [
        0.03614457831325301,
        0.05263157894736842,
        0.11111111111111113,
        0.0,
        0.0,
        0.0,
        0.0,
        0.0,
        null
    ],
    "financial_dominance_yearly": [
        0.27710843373493976,
        0.6315789473684211,
        0.2592592592592593,
        0.9390787518573551,
        0.8351375026375186,
        0.1818181818181818,
        0.746987951807229,
        0.5,
        null
    ]
}