{
    "name": "Bank of Italy",
    "country": "ITA",
    "currency": "Euro",
    "currency_code": "EUR",
    "advanced": 1.0,
    "cb_location": "Rome",
    "cb_latitude": 41.9028,
    "cb_longitude": 12.4964,
    "number_of_speeches": [
        5,
        4,
        3,
        1,
        2,
        1,
        7,
        5,
        7,
        13,
        12,
        24,
        16,
        21,
        8,
        18,
        10,
        22,
        21,
        20,
        31,
        24,
        25,
        36,
        31,
        30,
        3
    ],
    "number_of_speakers": 17,
    "speakers": {
        "Ignazio Visco": 171,
        "Mario Draghi": 59,
        "Luigi Federico Signorini": 46,
        "Fabio Panetta": 25,
        "Salvatore Rossi": 22,
        "Antonio Fazio": 21,
        "Piero Cipollone": 12,
        "Alessandra Perrazzelli": 11,
        "Paolo Angelini": 6,
        "Anna Maria Tarantola": 5,
        "Fabrizio Saccomanni": 5,
        "Daniele Franco": 5,
        "Dott. Vincenzo Desario": 3,
        "Valeria Sannucci": 3,
        "Pierluigi Ciocca": 3,
        "Giovanni Carosio": 2,
        "Tommaso Padoa-Schioppa": 1
    },
    "audiences": {
        "financial_market": 0.3725,
        "academic": 0.365,
        "central_bank": 0.1625,
        "political": 0.1
    },
    "monetary_dominance": 0.6158044610515556,
    "fiscal_dominance_mean": 0.098950595846096,
    "financial_dominance_mean": 0.28524494310234827,
    "top_topics": [
        [
            "monetary policy",
            0.3659147869674185
        ],
        [
            "financial stability",
            0.32832080200501257
        ],
        [
            "economic growth",
            0.21303258145363407
        ],
        [
            "inflation",
            0.14786967418546365
        ],
        [
            "fiscal policy",
            0.13533834586466165
        ],
        [
            "climate change",
            0.09523809523809525
        ],
        [
            "structural reforms",
            0.09022556390977444
        ],
        [
            "innovation",
            0.08521303258145363
        ],
        [
            "financial markets",
            0.07769423558897243
        ],
        [
            "public debt",
            0.06766917293233082
        ]
    ],
    "year": [
        1997,
        1998,
        1999,
        2000,
        2001,
        2003,
        2004,
        2005,
        2006,
        2007,
        2008,
        2009,
        2010,
        2011,
        2012,
        2013,
        2014,
        2015,
        2016,
        2017,
        2018,
        2019,
        2020,
        2021,
        2022,
        2023,
        2024
    ],
    "monetary_dominance_yearly": [
        0.6149044590238335,
        0.8871906841339157,
        0.5218150087260035,
        0.8636363636363636,
        0.49554367201426025,
        0.823529411764706,
        0.8272727272727273,
        0.8567372599009184,
        0.936116704605148,
        0.4606899346460309,
        0.5672351841754667,
        0.26258554336491585,
        0.6166987318655686,
        0.6304006009435533,
        0.5347280985627817,
        0.44157473622443283,
        0.6199197124052174,
        0.525980730748947,
        0.5866903579705492,
        0.5158853301528328,
        0.5020213213968386,
        0.5502936170243281,
        0.5923560746302619,
        0.5693375549547672,
        0.8447401389135851,
        0.8996892968791973,
        0.6956521739130435
    ],
    "fiscal_dominance_yearly": [
        0.1146691939585266,
        0.03384279475982533,
        0.04013961605584642,
        0.0,
        0.17825311942959002,
        0.058823529411764705,
        0.09696969696969698,
        0.11994089868760321,
        0.04258886359656803,
        0.25554422958764605,
        0.0,
        0.06446698232671538,
        0.08033509318833042,
        0.13951011273126418,
        0.05896227163200003,
        0.12421237310937389,
        0.0793019825145302,
        0.06706169736543567,
        0.16176641014733525,
        0.092508840479878,
        0.21950963227668654,
        0.13429603421607123,
        0.04154257482782237,
        0.0,
        0.015527960860048925,
        0.03180778603190483,
        0.06956521739130433
    ],
    "financial_dominance_yearly": [
        0.27042634701763985,
        0.07896652110625911,
        0.43804537521815,
        0.13636363636363635,
        0.32620320855614976,
        0.11764705882352941,
        0.07575757575757575,
        0.023321841411478406,
        0.021294431798284014,
        0.2837658357663231,
        0.43276481582453336,
        0.6729474743083688,
        0.30296617494610106,
        0.23008928632518255,
        0.4063096298052183,
        0.4342128906661932,
        0.3007783050802524,
        0.40695757188561726,
        0.25154323188211547,
        0.3916058293672891,
        0.27846904632647473,
        0.3154103487596007,
        0.3661013505419157,
        0.43066244504523277,
        0.13973190022636592,
        0.06850291708889776,
        0.23478260869565215
    ]
}