{
    "name": "Central Bank of Norway",
    "country": "NOR",
    "currency": "Norwegian Krone",
    "currency_code": "NOK",
    "advanced": 1.0,
    "cb_location": "Oslo",
    "cb_latitude": 59.9139,
    "cb_longitude": 10.7522,
    "number_of_speeches": [
        7,
        6,
        10,
        19,
        12,
        15,
        20,
        20,
        15,
        16,
        17,
        16,
        11,
        10,
        10,
        8,
        9,
        8,
        10,
        9,
        11,
        4,
        5,
        8,
        11,
        1
    ],
    "number_of_speakers": 10,
    "speakers": {
        "Svein Gjedrem": 125,
        "\u00d8ystein Olsen": 69,
        "Jarle Bergo": 35,
        "Jan F Qvigstad": 20,
        "Ida Wolden Bache": 20,
        "Jon Nicolaisen": 11,
        "Egil Matsen": 5,
        "Amund Holmsen": 1,
        "\u00d8ystein B\u00f8rsum": 1,
        "P\u00e5l Longva": 1
    },
    "audiences": {
        "academic": 0.3020833333333333,
        "financial_market": 0.2673611111111111,
        "central_bank": 0.25,
        "political": 0.18055555555555555
    },
    "monetary_dominance": 0.7560818996010726,
    "fiscal_dominance_mean": 0.10690714205558391,
    "financial_dominance_mean": 0.13701095834334343,
    "top_topics": [
        [
            "monetary policy",
            0.732638888888889
        ],
        [
            "inflation",
            0.5694444444444444
        ],
        [
            "fiscal policy",
            0.35763888888888884
        ],
        [
            "economic growth",
            0.34375
        ],
        [
            "interest rates",
            0.34027777777777773
        ],
        [
            "wage growth",
            0.24305555555555555
        ],
        [
            "financial stability",
            0.2326388888888889
        ],
        [
            "exchange rate",
            0.17013888888888887
        ],
        [
            "inflation targeting",
            0.1597222222222222
        ],
        [
            "interest rate",
            0.1388888888888889
        ]
    ],
    "year": [
        1999,
        2000,
        2001,
        2002,
        2003,
        2004,
        2005,
        2006,
        2007,
        2008,
        2009,
        2010,
        2011,
        2012,
        2013,
        2014,
        2015,
        2016,
        2017,
        2018,
        2019,
        2020,
        2021,
        2022,
        2023,
        2024
    ],
    "monetary_dominance_yearly": [
        0.7340661537186115,
        0.8119124823758214,
        0.8617451446671244,
        0.9034291518740547,
        0.8028194489961088,
        0.8862402102319256,
        0.8009580685829895,
        0.9195818305508974,
        0.8443268548699683,
        0.6722594442648799,
        0.5288934065084641,
        0.6190384318352555,
        0.5659461752620916,
        0.5300125602006175,
        0.6567279257700535,
        0.49893753046894795,
        0.4370906279077062,
        0.5887874210677776,
        0.7506592115328501,
        0.69260335500052,
        0.7215639462975644,
        0.6119885139985642,
        0.6311013767209012,
        0.8762106552982921,
        0.956226520732988,
        1.0
    ],
    "fiscal_dominance_yearly": [
        0.06127468174875054,
        0.030657456155383574,
        0.03466619947317964,
        0.05787301784311042,
        0.07905102583838292,
        0.041870640903531445,
        0.10705545425495738,
        0.04577096443599606,
        0.03863838753600979,
        0.20077389141412472,
        0.20649176779728456,
        0.20808791330422696,
        0.16022845929607488,
        0.20657939421265775,
        0.09940955759607013,
        0.015896758290560063,
        0.26313053610775544,
        0.17894484806338587,
        0.12502322500256305,
        0.13778172331328356,
        0.22168383320712143,
        0.18844221105527637,
        0.24202127659574468,
        0.05472646976233631,
        0.01366977582840889,
        0.0
    ],
    "financial_dominance_yearly": [
        0.20465916453263794,
        0.15743006146879507,
        0.10358865585969607,
        0.03869783028283493,
        0.11812952516550829,
        0.07188914886454299,
        0.09198647716205309,
        0.03464720501310659,
        0.11703475759402196,
        0.12696666432099543,
        0.26461482569425143,
        0.17287365486051748,
        0.2738253654418336,
        0.2634080455867249,
        0.24386251663387637,
        0.4851657112404919,
        0.2997788359845383,
        0.2322677308688366,
        0.12431756346458682,
        0.16961492168619655,
        0.05675222049531405,
        0.19956927494615934,
        0.12687734668335418,
        0.06906287493937151,
        0.030103703438603094,
        0.0
    ]
}