{
    "name": "Central Bank of Barbados",
    "country": "BRB",
    "currency": "Barbados Dollar",
    "currency_code": "BBD",
    "advanced": 0.0,
    "cb_location": "Bridgetown",
    "cb_latitude": 13.0969,
    "cb_longitude": -59.6145,
    "number_of_speeches": [
        3,
        4,
        2,
        4,
        3,
        8,
        10,
        7,
        7,
        11,
        5,
        7,
        1,
        4,
        3,
        8,
        2,
        1,
        4
    ],
    "number_of_speakers": 7,
    "speakers": {
        "DeLisle Worrell": 45,
        "Marion Williams": 22,
        "Cleviston Haynes": 19,
        "Dr Kevin Greenidge": 4,
        "Daniel Boamah": 2,
        "Marion V Williams": 1,
        "Michelle Doyle-Lowe": 1
    },
    "audiences": {
        "financial_market": 0.43617021276595747,
        "central_bank": 0.3617021276595745,
        "academic": 0.18085106382978725,
        "political": 0.02127659574468085
    },
    "monetary_dominance": 0.6159095573810776,
    "fiscal_dominance_mean": 0.22243552776987166,
    "financial_dominance_mean": 0.16165491484905084,
    "top_topics": [
        [
            "economic growth",
            0.2127659574468085
        ],
        [
            "tourism",
            0.2021276595744681
        ],
        [
            "financial stability",
            0.2021276595744681
        ],
        [
            "foreign exchange",
            0.1702127659574468
        ],
        [
            "barbados",
            0.14893617021276595
        ],
        [
            "risk management",
            0.11702127659574468
        ],
        [
            "productivity",
            0.11702127659574468
        ],
        [
            "financial services",
            0.11702127659574468
        ],
        [
            "international business",
            0.10638297872340426
        ],
        [
            "investment",
            0.09574468085106383
        ]
    ],
    "year": [
        2004,
        2005,
        2006,
        2007,
        2008,
        2009,
        2010,
        2011,
        2012,
        2013,
        2014,
        2015,
        2016,
        2017,
        2018,
        2019,
        2020,
        2022,
        2023
    ],
    "monetary_dominance_yearly": [
        1.0,
        0.3795811518324607,
        0.5172413793103448,
        0.7997890666197925,
        0.020336331638639033,
        0.4298685333873732,
        0.20982658959537573,
        0.825,
        null,
        0.75177304964539,
        0.6465863453815262,
        0.84688995215311,
        0.5,
        0.5925925925925926,
        0.0,
        null,
        0.6666666666666666,
        null,
        null
    ],
    "fiscal_dominance_yearly": [
        0.0,
        0.06544502617801048,
        0.0,
        0.059764457725435045,
        0.0,
        0.17232202645594044,
        0.6514450867052023,
        0.15,
        null,
        0.24822695035460995,
        0.0,
        0.11483253588516747,
        0.5,
        0.40740740740740744,
        1.0,
        null,
        0.3333333333333333,
        null,
        null
    ],
    "financial_dominance_yearly": [
        0.0,
        0.5549738219895288,
        0.48275862068965514,
        0.14044647565477236,
        0.9796636683613611,
        0.3978094401566864,
        0.13872832369942195,
        0.025,
        null,
        0.0,
        0.3534136546184739,
        0.03827751196172249,
        0.0,
        0.0,
        0.0,
        null,
        0.0,
        null,
        null
    ]
}