{
    "name": "Central Bank of Cura\u00e7ao and Sint Maarten",
    "country": "CUW",
    "currency": "Netherlands Antillean Guilder",
    "currency_code": "ANG",
    "advanced": 0.0,
    "cb_location": "Willemstad",
    "cb_latitude": 12.1091,
    "cb_longitude": -68.93,
    "number_of_speeches": [
        3,
        2,
        1,
        1,
        1,
        4,
        2,
        2,
        3
    ],
    "number_of_speakers": 3,
    "speakers": {
        "Emsley Tromp": 8,
        "Leila Matroos-Lasten": 7,
        "Richard Doornbosch": 4
    },
    "audiences": {
        "financial_market": 0.3684210526315789,
        "central_bank": 0.3157894736842105,
        "academic": 0.2631578947368421,
        "political": 0.05263157894736842
    },
    "monetary_dominance": 0.44939511308663777,
    "fiscal_dominance_mean": 0.327042951213348,
    "financial_dominance_mean": 0.22356193570001426,
    "top_topics": [
        [
            "financial stability",
            0.42105263157894735
        ],
        [
            "economic growth",
            0.3157894736842105
        ],
        [
            "innovation",
            0.2631578947368421
        ],
        [
            "monetary policy",
            0.15789473684210525
        ],
        [
            "competitiveness",
            0.15789473684210525
        ],
        [
            "fintech",
            0.15789473684210525
        ],
        [
            "de-risking",
            0.15789473684210525
        ],
        [
            "compliance",
            0.10526315789473684
        ],
        [
            "financial supervision",
            0.10526315789473684
        ],
        [
            "inflation",
            0.10526315789473684
        ]
    ],
    "year": [
        2011,
        2012,
        2013,
        2014,
        2015,
        2018,
        2019,
        2022,
        2023
    ],
    "monetary_dominance_yearly": [
        0.5403225806451613,
        null,
        0.47826086956521735,
        0.5238095238095238,
        0.38888888888888884,
        0.27692307692307694,
        null,
        0.0,
        null
    ],
    "fiscal_dominance_yearly": [
        0.4596774193548387,
        null,
        0.13043478260869565,
        0.09523809523809523,
        0.4444444444444444,
        0.5538461538461539,
        null,
        0.0,
        null
    ],
    "financial_dominance_yearly": [
        0.0,
        null,
        0.391304347826087,
        0.38095238095238093,
        0.16666666666666666,
        0.1692307692307692,
        null,
        1.0,
        null
    ]
}