{
    "name": "Central Bank of Ireland",
    "country": "IRL",
    "currency": "Euro",
    "currency_code": "EUR",
    "advanced": 1.0,
    "cb_location": "Dublin",
    "cb_latitude": 53.3498,
    "cb_longitude": -6.2603,
    "number_of_speeches": [
        1,
        3,
        1,
        2,
        3,
        5,
        5,
        7,
        7,
        8,
        8,
        13,
        10,
        24,
        21,
        10,
        16,
        20,
        28,
        29,
        29,
        15,
        23,
        31,
        21,
        1
    ],
    "number_of_speakers": 14,
    "speakers": {
        "Patrick Honohan": 63,
        "Gabriel Makhlouf": 58,
        "Philip R Lane": 51,
        "Sharon Donnery": 45,
        "John Hurley": 42,
        "Ed Sibley": 30,
        "Matthew Elderfield": 15,
        "Cyril Roux": 11,
        "Stefan Gerlach": 10,
        "Derville Rowland": 6,
        "Maurice O'Connell": 4,
        "Vasileios Madouros": 3,
        "Mark Cassidy": 2,
        "Padraid McGowan": 1
    },
    "audiences": {
        "financial_market": 0.3519061583577713,
        "academic": 0.2785923753665689,
        "central_bank": 0.19941348973607037,
        "political": 0.17008797653958943
    },
    "monetary_dominance": 0.5711968675372588,
    "fiscal_dominance_mean": 0.128902576673378,
    "financial_dominance_mean": 0.29990055578936314,
    "top_topics": [
        [
            "financial stability",
            0.43108504398826974
        ],
        [
            "monetary policy",
            0.26392961876832843
        ],
        [
            "inflation",
            0.18181818181818182
        ],
        [
            "consumer protection",
            0.17302052785923755
        ],
        [
            "brexit",
            0.1378299120234604
        ],
        [
            "fiscal policy",
            0.12903225806451613
        ],
        [
            "macroprudential policy",
            0.11730205278592376
        ],
        [
            "risk management",
            0.10850439882697947
        ],
        [
            "central bank",
            0.0997067448680352
        ],
        [
            "economic growth",
            0.09090909090909091
        ]
    ],
    "year": [
        1997,
        2000,
        2001,
        2002,
        2003,
        2004,
        2005,
        2006,
        2007,
        2008,
        2009,
        2010,
        2011,
        2012,
        2013,
        2014,
        2015,
        2016,
        2017,
        2018,
        2019,
        2020,
        2021,
        2022,
        2023,
        2024
    ],
    "monetary_dominance_yearly": [
        0.8484848484848485,
        0.7609438895220217,
        null,
        0.75,
        0.9580615097856477,
        0.6771141336487286,
        0.9662953716151336,
        0.9391044776119403,
        0.7131359373846268,
        0.43880170716365374,
        0.3818257772591463,
        0.34383098745394397,
        0.34310058328139914,
        0.2929745310739437,
        0.32418785080330365,
        0.255300707036103,
        0.33537183096830087,
        0.679449224645459,
        0.5116526894080551,
        0.6139525690093703,
        0.545289131999095,
        0.9566412664326384,
        0.8103491621867366,
        0.8656235798696416,
        0.7992053144623253,
        1.0
    ],
    "fiscal_dominance_yearly": [
        0.12121212121212122,
        0.09559562914795199,
        null,
        0.0,
        0.0,
        0.12418687167356594,
        0.011234876128288841,
        0.028656716417910448,
        0.0,
        0.023120060812070624,
        0.1041271038127997,
        0.41683252103186347,
        0.2598343717959987,
        0.24315821930747664,
        0.08942684121200703,
        0.2792181561430166,
        0.3574777003431773,
        0.0,
        0.0,
        0.057724726624342186,
        0.0,
        0.0,
        0.06046334278902358,
        0.0,
        0.028083594539278726,
        0.0
    ],
    "financial_dominance_yearly": [
        0.030303030303030304,
        0.14346048133002615,
        null,
        0.25,
        0.04193849021435229,
        0.19869899467770552,
        0.022469752256577682,
        0.032238805970149255,
        0.2868640626153733,
        0.5380782320242756,
        0.514047118928054,
        0.23933649151419248,
        0.39706504492260214,
        0.4638672496185796,
        0.5863853079846892,
        0.46548113682088044,
        0.3071504686885218,
        0.32055077535454113,
        0.48834731059194497,
        0.3283227043662876,
        0.45471086800090493,
        0.04335873356736167,
        0.12918749502423982,
        0.13437642013035836,
        0.17271109099839602,
        0.0
    ]
}