{
    "name": "Central Bank of Kuwait",
    "country": "KWT",
    "currency": "Kuwaiti Dinar",
    "currency_code": "KWD",
    "advanced": 0.0,
    "cb_location": "Kuwait City",
    "cb_latitude": 29.3759,
    "cb_longitude": 47.9774,
    "number_of_speeches": [
        1,
        1,
        2,
        1,
        1
    ],
    "number_of_speakers": 2,
    "speakers": {
        "Mohammad Y Al-Hashel": 5,
        "Basel A Al-Haroon": 1
    },
    "audiences": {
        "central_bank": 0.6666666666666666,
        "academic": 0.16666666666666666,
        "financial_market": 0.16666666666666666
    },
    "monetary_dominance": 0.11743159035491738,
    "fiscal_dominance_mean": 0.030040639393118396,
    "financial_dominance_mean": 0.8525277702519642,
    "top_topics": [
        [
            "financial stability",
            0.8333333333333333
        ],
        [
            "fintech",
            0.3333333333333333
        ],
        [
            "innovation",
            0.3333333333333333
        ],
        [
            "regulation",
            0.3333333333333333
        ],
        [
            "financial innovation",
            0.16666666666666666
        ],
        [
            "banking regulation",
            0.16666666666666666
        ],
        [
            "cyber security",
            0.16666666666666666
        ],
        [
            "shadow banking",
            0.16666666666666666
        ],
        [
            "islamic finance",
            0.16666666666666666
        ],
        [
            "corporate governance",
            0.16666666666666666
        ]
    ],
    "year": [
        2016,
        2018,
        2019,
        2020,
        2022
    ],
    "monetary_dominance_yearly": [
        null,
        0.6666666666666667,
        0.0,
        0.0,
        0.0
    ],
    "fiscal_dominance_yearly": [
        null,
        0.0,
        0.0,
        0.5,
        0.0
    ],
    "financial_dominance_yearly": [
        null,
        0.33333333333333337,
        1.0,
        0.5,
        1.0
    ]
}