{
    "name": "Central Bank of Trinidad and Tobago",
    "country": "TTO",
    "currency": "Trinidad and Tobago Dollar",
    "currency_code": "TTD",
    "advanced": 0.0,
    "cb_location": "Port of Spain",
    "cb_latitude": 10.6549,
    "cb_longitude": -61.5019,
    "number_of_speeches": [
        1,
        3,
        2,
        5,
        9,
        6,
        10,
        12,
        9,
        8,
        10,
        19,
        8,
        1,
        1,
        3
    ],
    "number_of_speakers": 6,
    "speakers": {
        "Ewart Williams": 66,
        "Jwala Rambarran": 34,
        "Alvin Hilaire": 4,
        "Winston Dookeran": 1,
        "Jens Thomsen": 1,
        "Catherine Kumar": 1
    },
    "audiences": {
        "financial_market": 0.6261682242990654,
        "central_bank": 0.22429906542056074,
        "academic": 0.1308411214953271,
        "political": 0.018691588785046728
    },
    "monetary_dominance": 0.4505043389807605,
    "fiscal_dominance_mean": 0.25609030108507164,
    "financial_dominance_mean": 0.29340535993416783,
    "top_topics": [
        [
            "financial stability",
            0.24299065420560748
        ],
        [
            "central bank",
            0.2149532710280374
        ],
        [
            "inflation",
            0.17757009345794394
        ],
        [
            "monetary policy",
            0.1588785046728972
        ],
        [
            "risk management",
            0.14953271028037385
        ],
        [
            "fiscal policy",
            0.13084112149532712
        ],
        [
            "financial literacy",
            0.13084112149532712
        ],
        [
            "corporate governance",
            0.11214953271028036
        ],
        [
            "energy sector",
            0.11214953271028036
        ],
        [
            "non-energy sector",
            0.11214953271028036
        ]
    ],
    "year": [
        2001,
        2003,
        2004,
        2005,
        2006,
        2007,
        2008,
        2009,
        2010,
        2011,
        2012,
        2013,
        2014,
        2015,
        2016,
        2017
    ],
    "monetary_dominance_yearly": [
        0.7777777777777777,
        0.3972602739726028,
        1.0,
        0.08,
        0.8738643067846608,
        0.40401146131805155,
        0.3535202863961813,
        0.3532453805937754,
        0.25161290322580643,
        0.5421686746987951,
        0.20426673479816043,
        0.5013086888315778,
        0.4189063948100093,
        null,
        1.0,
        0.3559523809523809
    ],
    "fiscal_dominance_yearly": [
        0.2222222222222222,
        0.3972602739726028,
        0.0,
        0.9199999999999999,
        0.103834808259587,
        0.48137535816618904,
        0.13424821002386636,
        0.3923900118906065,
        0.16129032258064516,
        0.39357429718875503,
        0.335909555442003,
        0.2666110977858916,
        0.12789620018535683,
        null,
        0.0,
        0.32857142857142857
    ],
    "financial_dominance_yearly": [
        0.0,
        0.20547945205479454,
        0.0,
        0.0,
        0.02230088495575221,
        0.11461318051575929,
        0.5122315035799523,
        0.25436460751561824,
        0.5870967741935483,
        0.0642570281124498,
        0.4598237097598365,
        0.23208021338253068,
        0.453197405004634,
        null,
        0.0,
        0.31547619047619047
    ]
}