{
    "name": "Central Bank of the Republic of Turkey",
    "country": "TUR",
    "currency": "Turkish Lira",
    "currency_code": "TRY",
    "advanced": 0.0,
    "cb_location": "Ankara",
    "cb_latitude": 39.9334,
    "cb_longitude": 32.8597,
    "number_of_speeches": [
        3,
        2,
        4,
        5,
        1,
        1,
        4,
        9,
        4,
        13,
        9,
        11,
        9,
        6,
        5,
        1,
        3,
        5,
        1,
        1,
        1
    ],
    "number_of_speakers": 8,
    "speakers": {
        "Durmu\u015f Yilmaz": 51,
        "Erdem Ba\u015f\u00e7i": 18,
        "Gazi Er\u00e7el": 14,
        "S\u00fcreyya Serdenge\u00e7ti": 7,
        "Turalay Ken\u00e7": 4,
        "Murat \u00c7etinkaya": 2,
        "\u015eahap Kavc\u0131o\u011flu": 1,
        "Hafize Gaye Erkan": 1
    },
    "audiences": {
        "central_bank": 0.40816326530612246,
        "financial_market": 0.29591836734693877,
        "academic": 0.2653061224489796,
        "political": 0.030612244897959183
    },
    "monetary_dominance": 0.7422858409594829,
    "fiscal_dominance_mean": 0.07356372412229897,
    "financial_dominance_mean": 0.18415043491821811,
    "top_topics": [
        [
            "monetary policy",
            0.6938775510204082
        ],
        [
            "inflation",
            0.5510204081632654
        ],
        [
            "financial stability",
            0.4081632653061224
        ],
        [
            "fiscal policy",
            0.2857142857142857
        ],
        [
            "price stability",
            0.26530612244897955
        ],
        [
            "economic growth",
            0.22448979591836732
        ],
        [
            "structural reforms",
            0.15306122448979592
        ],
        [
            "inflation targeting",
            0.15306122448979592
        ],
        [
            "exchange rate",
            0.13265306122448978
        ],
        [
            "central bank independence",
            0.13265306122448978
        ]
    ],
    "year": [
        1997,
        1998,
        1999,
        2000,
        2001,
        2004,
        2005,
        2006,
        2007,
        2008,
        2009,
        2010,
        2011,
        2012,
        2013,
        2014,
        2015,
        2016,
        2017,
        2022,
        2023
    ],
    "monetary_dominance_yearly": [
        0.5344551282051282,
        0.9256965944272446,
        0.6100577530783481,
        0.7627906976744186,
        0.4615384615384615,
        0.9444444444444444,
        0.6975525279427988,
        0.8073754401515384,
        0.8489918257001011,
        0.8344687072509686,
        0.5837372832767093,
        0.6969802541306878,
        0.7017681143887241,
        0.8137711345258515,
        0.6352598348712968,
        0.7857142857142857,
        0.829536498404954,
        0.7263633316278824,
        0.75,
        1.0,
        0.8571428571428572
    ],
    "fiscal_dominance_yearly": [
        0.38621794871794873,
        0.015479876160990712,
        0.19913915222839704,
        0.10697674418604651,
        0.061538461538461535,
        0.018518518518518517,
        0.17887655366606878,
        0.09235744907432199,
        0.07880478609331061,
        0.03894651435624812,
        0.07234771126621525,
        0.05982223380436953,
        0.016356042831092807,
        0.013232050967900026,
        0.025133559980573095,
        0.0,
        0.0,
        0.014585465147051039,
        0.0,
        0.0,
        0.0
    ],
    "financial_dominance_yearly": [
        0.07932692307692307,
        0.05882352941176471,
        0.19080309469325485,
        0.13023255813953488,
        0.4769230769230769,
        0.037037037037037035,
        0.12357091839113253,
        0.10026711077413966,
        0.0722033882065883,
        0.12658477839278334,
        0.34391500545707554,
        0.24319751206494278,
        0.281875842780183,
        0.1729968145062485,
        0.3396066051481301,
        0.21428571428571425,
        0.17046350159504595,
        0.25905120322506664,
        0.25,
        0.0,
        0.14285714285714285
    ]
}