{
    "name": "Central Bank of Solomon Islands",
    "country": "SLB",
    "currency": "Solomon Islands Dollar",
    "currency_code": "SBD",
    "advanced": 0.0,
    "cb_location": "Honiara",
    "cb_latitude": -9.4456,
    "cb_longitude": 159.9729,
    "number_of_speeches": [
        1,
        1,
        2,
        3,
        1,
        3,
        2,
        1,
        1,
        1,
        2
    ],
    "number_of_speakers": 4,
    "speakers": {
        "Denton Rarawa": 11,
        "Gane Simbe": 4,
        "Rick Houenipwela": 2,
        "Luke Forau": 1
    },
    "audiences": {
        "central_bank": 0.5,
        "financial_market": 0.2777777777777778,
        "academic": 0.16666666666666666,
        "political": 0.05555555555555555
    },
    "monetary_dominance": 0.7894736842105263,
    "fiscal_dominance_mean": 0.10526315789473684,
    "financial_dominance_mean": 0.10526315789473684,
    "top_topics": [
        [
            "financial inclusion",
            0.4444444444444445
        ],
        [
            "financial services",
            0.3333333333333333
        ],
        [
            "economic growth",
            0.2777777777777778
        ],
        [
            "financial literacy",
            0.22222222222222224
        ],
        [
            "financial education",
            0.22222222222222224
        ],
        [
            "solomon islands",
            0.16666666666666666
        ],
        [
            "savings",
            0.16666666666666666
        ],
        [
            "central bank",
            0.11111111111111112
        ],
        [
            "inflation",
            0.11111111111111112
        ],
        [
            "education",
            0.11111111111111112
        ]
    ],
    "year": [
        2006,
        2008,
        2009,
        2011,
        2012,
        2013,
        2014,
        2015,
        2016,
        2017,
        2019
    ],
    "monetary_dominance_yearly": [
        1.0,
        null,
        0.5555555555555556,
        null,
        null,
        null,
        null,
        null,
        null,
        null,
        null
    ],
    "fiscal_dominance_yearly": [
        0.0,
        null,
        0.22222222222222224,
        null,
        null,
        null,
        null,
        null,
        null,
        null,
        null
    ],
    "financial_dominance_yearly": [
        0.0,
        null,
        0.22222222222222224,
        null,
        null,
        null,
        null,
        null,
        null,
        null,
        null
    ]
}