{
    "name": "Central Bank of the Republic of Austria",
    "country": "AUT",
    "currency": "Euro",
    "currency_code": "EUR",
    "advanced": 1.0,
    "cb_location": "Vienna",
    "cb_latitude": 48.2082,
    "cb_longitude": 16.3738,
    "number_of_speeches": [
        1,
        2,
        4,
        5,
        6,
        3,
        7,
        5,
        1,
        5,
        6,
        2,
        4,
        2,
        3,
        5,
        5,
        3,
        2,
        1,
        1,
        3,
        2,
        1,
        1
    ],
    "number_of_speakers": 5,
    "speakers": {
        "Klaus Liebscher": 38,
        "Ewald Nowotny": 31,
        "Robert Holzmann": 8,
        "Andreas Ittner": 2,
        "Gertrude Tumpel-Gugerell": 1
    },
    "audiences": {
        "academic": 0.675,
        "financial_market": 0.1625,
        "political": 0.0875,
        "central_bank": 0.075
    },
    "monetary_dominance": 0.7986293852591757,
    "fiscal_dominance_mean": 0.0521694053108516,
    "financial_dominance_mean": 0.14920120942997256,
    "top_topics": [
        [
            "monetary policy",
            0.5
        ],
        [
            "fiscal policy",
            0.3
        ],
        [
            "economic growth",
            0.275
        ],
        [
            "price stability",
            0.275
        ],
        [
            "financial stability",
            0.2625
        ],
        [
            "structural reforms",
            0.2625
        ],
        [
            "euro",
            0.25
        ],
        [
            "inflation",
            0.2
        ],
        [
            "european integration",
            0.1625
        ],
        [
            "euro area",
            0.15
        ]
    ],
    "year": [
        1998,
        1999,
        2000,
        2001,
        2002,
        2003,
        2004,
        2005,
        2006,
        2007,
        2009,
        2010,
        2011,
        2012,
        2013,
        2014,
        2015,
        2016,
        2017,
        2018,
        2019,
        2020,
        2021,
        2022,
        2023
    ],
    "monetary_dominance_yearly": [
        1.0,
        0.7988808426596445,
        0.9796497286630489,
        0.9545269858468206,
        0.8139128937448195,
        0.9636015325670497,
        0.8815521628498728,
        0.8985778054603966,
        1.0,
        1.0,
        0.4678064616763863,
        0.6956521739130435,
        0.5137289636846768,
        0.5,
        0.549647314161693,
        0.6347352024922118,
        0.8268839103869653,
        0.5607215919657802,
        0.14285714285714285,
        1.0,
        1.0,
        0.26373626373626374,
        0.42857142857142855,
        null,
        0.8461538461538461
    ],
    "fiscal_dominance_yearly": [
        0.0,
        0.0,
        0.0,
        0.022008532538768878,
        0.02958941989374651,
        0.0,
        0.04052162849872774,
        0.046922038824872836,
        0.0,
        0.0,
        0.02695695572628019,
        0.007246376811594203,
        0.141718334809566,
        0.18181818181818182,
        0.04774823657080846,
        0.033489096573208726,
        0.08146639511201628,
        0.11846754695927099,
        0.0,
        0.0,
        0.0,
        0.4285714285714286,
        0.5,
        null,
        0.0
    ],
    "financial_dominance_yearly": [
        0.0,
        0.2011191573403555,
        0.020350271336951158,
        0.023464481614410514,
        0.15649768636143405,
        0.036398467432950186,
        0.07792620865139949,
        0.05450015571473061,
        0.0,
        0.0,
        0.5052365825973335,
        0.2971014492753623,
        0.34455270150575734,
        0.3181818181818182,
        0.40260444926749867,
        0.3317757009345795,
        0.09164969450101833,
        0.3208108610749489,
        0.8571428571428572,
        0.0,
        0.0,
        0.3076923076923077,
        0.07142857142857144,
        null,
        0.15384615384615385
    ]
}