{
    "name": "Central Bank of Chile",
    "country": "CHL",
    "currency": "Chilean Peso",
    "currency_code": "CLP",
    "advanced": 0.0,
    "cb_location": "Santiago",
    "cb_latitude": -33.4489,
    "cb_longitude": -70.6693,
    "number_of_speeches": [
        1,
        1,
        1,
        5,
        7,
        14,
        13,
        12,
        9,
        5,
        5,
        5,
        4,
        9,
        6,
        8,
        4,
        4,
        10,
        5
    ],
    "number_of_speakers": 9,
    "speakers": {
        "Jos\u00e9 de Gregorio": 45,
        "Mario Marcel": 31,
        "Rodrigo Vergara": 26,
        "Rosanna Costa": 12,
        "Vittorio Corbo": 7,
        "Pablo Garc\u00eda Silva": 3,
        "Sebasti\u00e1n Claro": 2,
        "Carlos Massad": 1,
        "Enrique Marshall": 1
    },
    "audiences": {
        "political": 0.4453125,
        "academic": 0.2265625,
        "central_bank": 0.171875,
        "financial_market": 0.15625
    },
    "monetary_dominance": 0.7555635276719326,
    "fiscal_dominance_mean": 0.03853095088470022,
    "financial_dominance_mean": 0.20590552144336732,
    "top_topics": [
        [
            "monetary policy",
            0.875
        ],
        [
            "inflation",
            0.6171875
        ],
        [
            "financial stability",
            0.4921875
        ],
        [
            "fiscal policy",
            0.4765625
        ],
        [
            "economic growth",
            0.390625
        ],
        [
            "exchange rate",
            0.296875
        ],
        [
            "labor market",
            0.203125
        ],
        [
            "investment",
            0.171875
        ],
        [
            "inflation targeting",
            0.1484375
        ],
        [
            "financial crisis",
            0.140625
        ]
    ],
    "year": [
        2001,
        2005,
        2006,
        2007,
        2008,
        2009,
        2010,
        2011,
        2012,
        2013,
        2014,
        2015,
        2016,
        2017,
        2018,
        2019,
        2020,
        2021,
        2022,
        2023
    ],
    "monetary_dominance_yearly": [
        1.0,
        0.72,
        1.0,
        0.9537546633835792,
        0.6564365101532182,
        0.7196827513611624,
        0.631219881651284,
        0.7149978127906805,
        0.7583799326971302,
        0.7777453625851177,
        0.9662261380323055,
        0.6846598520147046,
        0.8557732599636222,
        0.6169498144010462,
        0.7890355802401692,
        0.7976341360371779,
        0.6385486648395624,
        0.7413106647733209,
        0.8776431445720838,
        0.8680150331322322
    ],
    "fiscal_dominance_yearly": [
        0.0,
        0.27999999999999997,
        0.0,
        0.006595010399738339,
        0.0,
        0.05115506961298811,
        0.04294229877099925,
        0.04598774445743337,
        0.04164807300271347,
        0.0,
        0.0,
        0.0160994081140575,
        0.06644947390233234,
        0.030420180592539228,
        0.05392576405960727,
        0.019011406844106463,
        0.0,
        0.20251577680702965,
        0.020457253332733853,
        0.018395806547324693
    ],
    "financial_dominance_yearly": [
        0.0,
        0.0,
        0.0,
        0.03965032621668243,
        0.34356348984678176,
        0.22916217902584948,
        0.32583781957771674,
        0.2390144427518861,
        0.1999719943001563,
        0.22225463741488236,
        0.033773861967694566,
        0.2992407398712379,
        0.07777726613404554,
        0.3526300050064145,
        0.15703865570022357,
        0.18335445711871567,
        0.3614513351604375,
        0.05617355841964952,
        0.10189960209518242,
        0.11358916032044307
    ]
}