{
    "name": "Central Bank of Malta",
    "country": "MLT",
    "currency": "Euro",
    "currency_code": "EUR",
    "advanced": 1.0,
    "cb_location": "Valletta",
    "cb_latitude": 35.8989,
    "cb_longitude": 14.5146,
    "number_of_speeches": [
        1,
        3,
        3,
        7,
        3,
        4,
        4,
        4,
        3,
        4,
        3,
        3,
        2,
        1,
        1,
        1,
        4,
        1,
        1,
        1,
        1,
        3,
        1
    ],
    "number_of_speakers": 4,
    "speakers": {
        "Michael C Bonello": 37,
        "Josef Bonnici": 9,
        "Mario Vella": 8,
        "Edward Scicluna": 5
    },
    "audiences": {
        "financial_market": 0.6949152542372882,
        "academic": 0.13559322033898305,
        "central_bank": 0.13559322033898305,
        "political": 0.03389830508474576
    },
    "monetary_dominance": 0.8009104192104382,
    "fiscal_dominance_mean": 0.09785107201403762,
    "financial_dominance_mean": 0.10123850877552432,
    "top_topics": [
        [
            "economic growth",
            0.5254237288135593
        ],
        [
            "monetary policy",
            0.4576271186440678
        ],
        [
            "financial stability",
            0.4067796610169491
        ],
        [
            "competitiveness",
            0.3050847457627119
        ],
        [
            "inflation",
            0.3050847457627119
        ],
        [
            "fiscal policy",
            0.288135593220339
        ],
        [
            "fiscal consolidation",
            0.2711864406779661
        ],
        [
            "productivity",
            0.20338983050847456
        ],
        [
            "structural reforms",
            0.20338983050847456
        ],
        [
            "labour market",
            0.13559322033898305
        ]
    ],
    "year": [
        2001,
        2002,
        2003,
        2004,
        2005,
        2006,
        2007,
        2008,
        2009,
        2010,
        2011,
        2012,
        2013,
        2014,
        2015,
        2016,
        2017,
        2018,
        2019,
        2020,
        2021,
        2022,
        2023
    ],
    "monetary_dominance_yearly": [
        0.6190476190476191,
        0.9784086054910489,
        0.7948139797068772,
        0.6488752651291825,
        0.8493449781659389,
        0.883219705300198,
        0.9390589992531739,
        0.9074704041366173,
        0.9120500107781849,
        0.7647058823529411,
        0.41771217712177117,
        0.4615384615384615,
        0.5102040816326531,
        0.631578947368421,
        1.0,
        0.923076923076923,
        0.9214293862651153,
        1.0,
        null,
        null,
        1.0,
        0.5800000000000001,
        0.8461538461538461
    ],
    "fiscal_dominance_yearly": [
        0.1904761904761905,
        0.011494699234981165,
        0.0,
        0.25994965297739764,
        0.10262008733624453,
        0.09698702441170003,
        0.012546676624346527,
        0.02313239896584569,
        0.029316663073938348,
        0.02352941176470588,
        0.35990159901599017,
        0.2662721893491124,
        0.16326530612244897,
        0.10526315789473684,
        0.0,
        0.0,
        0.02646589094227698,
        0.0,
        null,
        null,
        0.0,
        0.1895744680851064,
        0.038461538461538464
    ],
    "financial_dominance_yearly": [
        0.1904761904761905,
        0.010096695273969943,
        0.20518602029312288,
        0.09117508189341991,
        0.048034934497816595,
        0.019793270288102044,
        0.04839432412247946,
        0.06939719689753707,
        0.058633326147876696,
        0.21176470588235294,
        0.22238622386223858,
        0.27218934911242604,
        0.32653061224489793,
        0.2631578947368421,
        0.0,
        0.07692307692307693,
        0.052104722792607805,
        0.0,
        null,
        null,
        0.0,
        0.23042553191489362,
        0.11538461538461539
    ]
}