{
    "name": "Central Bank of Luxembourg",
    "country": "LUX",
    "currency": "Euro",
    "currency_code": "EUR",
    "advanced": 1.0,
    "cb_location": "Luxembourg City",
    "cb_latitude": 49.6116,
    "cb_longitude": 6.1319,
    "number_of_speeches": [
        1,
        4,
        1,
        1,
        3,
        3,
        5,
        4,
        7,
        7,
        2
    ],
    "number_of_speakers": 2,
    "speakers": {
        "Yves Mersch": 36,
        "Gaston Reinesch": 2
    },
    "audiences": {
        "financial_market": 0.5526315789473685,
        "academic": 0.23684210526315788,
        "central_bank": 0.13157894736842105,
        "political": 0.07894736842105263
    },
    "monetary_dominance": 0.671851777759502,
    "fiscal_dominance_mean": 0.0672214979946267,
    "financial_dominance_mean": 0.26092672424587127,
    "top_topics": [
        [
            "monetary policy",
            0.4736842105263158
        ],
        [
            "financial stability",
            0.39473684210526316
        ],
        [
            "risk management",
            0.2368421052631579
        ],
        [
            "inflation",
            0.18421052631578946
        ],
        [
            "fiscal policy",
            0.18421052631578946
        ],
        [
            "euro area",
            0.13157894736842105
        ],
        [
            "liquidity",
            0.13157894736842105
        ],
        [
            "price stability",
            0.10526315789473684
        ],
        [
            "regulatory framework",
            0.10526315789473684
        ],
        [
            "financial crisis",
            0.10526315789473684
        ]
    ],
    "year": [
        2002,
        2003,
        2004,
        2005,
        2006,
        2007,
        2008,
        2009,
        2010,
        2011,
        2015
    ],
    "monetary_dominance_yearly": [
        1.0,
        0.8141281579465102,
        1.0,
        null,
        0.9145660171685516,
        0.21052631578947367,
        0.41451219512195125,
        0.3116326880246702,
        0.5740569221166734,
        0.60302467397823,
        0.8770788141720897
    ],
    "fiscal_dominance_yearly": [
        0.0,
        0.06905530673888136,
        0.0,
        null,
        0.0670391061452514,
        0.0,
        0.12024390243902439,
        0.015418879561418538,
        0.05015964410815167,
        0.13122124160342974,
        0.012292118582791034
    ],
    "financial_dominance_yearly": [
        0.0,
        0.11681653531460841,
        0.0,
        null,
        0.01839487668619703,
        0.7894736842105263,
        0.4652439024390244,
        0.6729484324139112,
        0.3757834337751749,
        0.2657540844183402,
        0.11062906724511931
    ]
}