{
    "name": "European Central Bank",
    "country": "EA",
    "currency": "Euro",
    "currency_code": "EUR",
    "advanced": 1.0,
    "cb_location": "Frankfurt",
    "cb_latitude": 50.1109,
    "cb_longitude": 8.6821,
    "number_of_speeches": [
        10,
        46,
        45,
        37,
        41,
        29,
        62,
        51,
        59,
        89,
        152,
        129,
        121,
        139,
        104,
        154,
        131,
        140,
        149,
        172,
        137,
        143,
        108,
        63,
        74,
        73,
        1
    ],
    "number_of_speakers": 27,
    "speakers": {
        "Jean-Claude Trichet": 454,
        "Mario Draghi": 278,
        "Beno\u00eet C\u0153ur\u00e9": 255,
        "Yves Mersch": 158,
        "Peter Praet": 146,
        "Willem F Duisenberg": 138,
        "V\u00edtor Const\u00e2ncio": 123,
        "Christine Lagarde": 120,
        "Luis de Guindos": 94,
        "Sabine Lautenschl\u00e4ger": 94,
        "Lucas Papademos": 81,
        "Lorenzo Bini Smaghi": 77,
        "Gertrude Tumpel-Gugerell": 64,
        "Jos\u00e9 Manuel Gonz\u00e1lez-P\u00e1ramo": 53,
        "J\u00fcrgen Stark": 51,
        "Fabio Panetta": 50,
        "Philip R Lane": 46,
        "Christian Noyer": 44,
        "Isabel Schnabel": 44,
        "J\u00f6rg Asmussen": 40,
        "Frank Elderson": 25,
        "Otmar Issing": 18,
        "Tommaso Padoa-Schioppa": 2,
        "Beno\u00eet C\u0153ur\u00e9; Jacqueline Loh": 1,
        "Beno\u00eet C\u0153ur\u00e9; Joachim Nagel": 1,
        "Jos\u00e9 de Gregorio": 1,
        "Niklaus Blattner": 1
    },
    "audiences": {
        "central_bank": 0.30459536396909315,
        "academic": 0.2895485969906466,
        "financial_market": 0.2818218788125254,
        "political": 0.12403416022773485
    },
    "monetary_dominance": 0.8000105525378858,
    "fiscal_dominance_mean": 0.039755472846980285,
    "financial_dominance_mean": 0.16023397461513397,
    "top_topics": [
        [
            "monetary policy",
            0.5986173241154942
        ],
        [
            "inflation",
            0.43066287108580725
        ],
        [
            "financial stability",
            0.3029686864579097
        ],
        [
            "price stability",
            0.25864172427816184
        ],
        [
            "fiscal policy",
            0.24359495729971534
        ],
        [
            "structural reforms",
            0.2244814965433103
        ],
        [
            "economic growth",
            0.2151281008540057
        ],
        [
            "euro area",
            0.14111427409516064
        ],
        [
            "interest rates",
            0.13867425782838552
        ],
        [
            "banking union",
            0.10858072387149248
        ]
    ],
    "year": [
        1998,
        1999,
        2000,
        2001,
        2002,
        2003,
        2004,
        2005,
        2006,
        2007,
        2008,
        2009,
        2010,
        2011,
        2012,
        2013,
        2014,
        2015,
        2016,
        2017,
        2018,
        2019,
        2020,
        2021,
        2022,
        2023,
        2024
    ],
    "monetary_dominance_yearly": [
        0.9759144964624417,
        0.9698421298369488,
        0.9744589156242284,
        0.950061376284386,
        0.9565811549497191,
        0.8664578412911184,
        0.9235603358996403,
        0.9060728877456861,
        0.9568746974303443,
        0.8863184301590373,
        0.8203077158086648,
        0.6496119113876517,
        0.7073895339137912,
        0.7382753319211777,
        0.7126342459242161,
        0.7044134135445185,
        0.7889077589139569,
        0.7452360268413002,
        0.7389840686117762,
        0.7526670957661833,
        0.7853253642899778,
        0.8101200259978817,
        0.7120911825205379,
        0.8242284700957062,
        0.8732721248229475,
        0.8398175225901046,
        0.75
    ],
    "fiscal_dominance_yearly": [
        0.0,
        0.012311490394635322,
        0.0046464771861043416,
        0.01132782353517981,
        0.021019601900685192,
        0.06275572084661325,
        0.021703660693607664,
        0.017106836388962623,
        0.007611313978959403,
        0.00558429371490083,
        0.015527950460185435,
        0.029954665539625433,
        0.08072301450369984,
        0.08708911885122464,
        0.07042705423726628,
        0.057178574632329865,
        0.039797765290343415,
        0.08572152338080098,
        0.04368268393483308,
        0.019847452205759553,
        0.04117349545228549,
        0.05004266373095522,
        0.04660425409026743,
        0.0295408792695199,
        0.014158085224460226,
        0.006069074452199826,
        0.0
    ],
    "financial_dominance_yearly": [
        0.024085503537558332,
        0.017846379768415778,
        0.020894607189667333,
        0.03861080018043405,
        0.022399243149595776,
        0.07078643786226829,
        0.05473600340675217,
        0.07682027586535133,
        0.03551398859069628,
        0.10809727612606192,
        0.16416433373114978,
        0.3204334230727229,
        0.21188745158250907,
        0.1746355492275976,
        0.21693869983851757,
        0.2384080118231516,
        0.17129447579569962,
        0.16904244977789887,
        0.2173332474533906,
        0.2274854520280571,
        0.17350114025773675,
        0.13983731027116317,
        0.2413045633891947,
        0.14623065063477392,
        0.11256978995259233,
        0.15411340295769552,
        0.25
    ]
}