{
    "name": "Federal Reserve Bank of New York",
    "country": "USA",
    "currency": "US Dollar",
    "currency_code": "USD",
    "advanced": 1.0,
    "cb_location": "New York City",
    "cb_latitude": 40.7128,
    "cb_longitude": -74.006,
    "number_of_speeches": [
        5,
        8,
        5,
        7,
        2,
        4,
        3,
        8,
        10,
        12,
        10,
        4,
        11,
        23,
        22,
        18,
        29,
        26,
        34,
        34,
        33,
        27,
        29,
        24,
        10,
        13,
        10,
        1
    ],
    "number_of_speakers": 24,
    "speakers": {
        "William C Dudley": 159,
        "John C Williams": 67,
        "Timothy Geithner": 42,
        "Simon M Potter": 32,
        "William J McDonough": 29,
        "Kevin Stiroh": 17,
        "Michael Held": 11,
        "James McAndrews": 9,
        "Brian P Sack": 6,
        "Thomas C Baxter": 6,
        "Sarah Dahlgren": 6,
        "Daleep Singh": 5,
        "Christine M Cumming": 5,
        "Joseph S Tracy": 4,
        "Joshua Rosenberg": 4,
        "William L Rutledge": 3,
        "Beverly Hirtle": 3,
        "Ernest T Patrikis": 3,
        "Alberto G Musalem": 3,
        "Richard Dzina": 3,
        "Michelle Neal": 2,
        "Jack Gutt": 1,
        "Jamie B Stewart, Jr": 1,
        "Terrence J Checki": 1
    },
    "audiences": {
        "financial_market": 0.5710900473933649,
        "academic": 0.24644549763033174,
        "central_bank": 0.13507109004739337,
        "political": 0.04739336492890995
    },
    "monetary_dominance": 0.6121787082109639,
    "fiscal_dominance_mean": 0.05486643107561817,
    "financial_dominance_mean": 0.33295486071341807,
    "top_topics": [
        [
            "monetary policy",
            0.3957345971563981
        ],
        [
            "financial stability",
            0.27488151658767773
        ],
        [
            "inflation",
            0.2677725118483412
        ],
        [
            "risk management",
            0.1872037914691943
        ],
        [
            "labor market",
            0.15165876777251186
        ],
        [
            "economic outlook",
            0.13270142180094788
        ],
        [
            "economic growth",
            0.12322274881516589
        ],
        [
            "fiscal policy",
            0.11611374407582939
        ],
        [
            "financial crisis",
            0.11611374407582939
        ],
        [
            "liquidity",
            0.10900473933649289
        ]
    ],
    "year": [
        1997,
        1998,
        1999,
        2000,
        2001,
        2002,
        2003,
        2004,
        2005,
        2006,
        2007,
        2008,
        2009,
        2010,
        2011,
        2012,
        2013,
        2014,
        2015,
        2016,
        2017,
        2018,
        2019,
        2020,
        2021,
        2022,
        2023,
        2024
    ],
    "monetary_dominance_yearly": [
        0.9230158564355401,
        0.25488674360944363,
        0.0,
        0.5123536244623741,
        0.6707246376811594,
        0.45141065830721006,
        null,
        0.5213422207289208,
        0.7885573984093049,
        0.5657588707884514,
        0.5004096752604822,
        0.05779262791085835,
        0.28831965455882713,
        0.32389690060926957,
        0.5929385147036845,
        0.7674342065614548,
        0.4509044721459478,
        0.5093184180740847,
        0.4185921419898188,
        0.6028356577942504,
        0.582724868911507,
        0.7558769645638458,
        0.8955088874539079,
        0.6471158597779458,
        0.887757909215956,
        0.910643033145219,
        1.0,
        1.0
    ],
    "fiscal_dominance_yearly": [
        0.0,
        0.0,
        0.0,
        0.12410134053307381,
        0.07652173913043478,
        0.0,
        null,
        0.11028919420144623,
        0.1492032218764641,
        0.0254975118032734,
        0.056581650783862625,
        0.0,
        0.06762901550794201,
        0.04040302230356461,
        0.047380748225587396,
        0.061411934798190966,
        0.14287292479389063,
        0.020800310036443788,
        0.03705495119814475,
        0.12715547989023712,
        0.0069578435572788255,
        0.010996141835491536,
        0.0,
        0.11616940254576859,
        0.0,
        0.0,
        0.0,
        0.0
    ],
    "financial_dominance_yearly": [
        0.07698414356445986,
        0.7451132563905564,
        1.0,
        0.3635450350045521,
        0.2527536231884058,
        0.54858934169279,
        null,
        0.36836858506963294,
        0.062239379714230825,
        0.40874361740827525,
        0.4430086739556552,
        0.9422073720891416,
        0.6440513299332309,
        0.6357000770871658,
        0.3596807370707282,
        0.17115385864035423,
        0.40622260306016167,
        0.4698812718894715,
        0.5443529068120364,
        0.2700088623155125,
        0.4103172875312141,
        0.2331268936006627,
        0.10449111254609217,
        0.23671473767628567,
        0.112242090784044,
        0.08935696685478102,
        0.0,
        0.0
    ]
}