{
    "name": "Monetary Authority of Singapore",
    "country": "SGP",
    "currency": "Singapore Dollar",
    "currency_code": "SGD",
    "advanced": 1.0,
    "cb_location": "Singapore",
    "cb_latitude": 1.3521,
    "cb_longitude": 103.8198,
    "number_of_speeches": [
        3,
        7,
        7,
        7,
        3,
        8,
        5,
        5,
        11,
        12,
        9,
        7,
        16,
        13,
        18,
        16,
        15,
        20,
        18,
        21,
        14,
        14,
        19,
        21,
        20
    ],
    "number_of_speakers": 15,
    "speakers": {
        "Ravi Menon": 144,
        "Lim Hng Kiang": 29,
        "Jacqueline Loh": 24,
        "Tharman Shanmugaratnam": 23,
        "Lee Hsien Loong": 22,
        "Heng Swee Keat": 21,
        "Ong Chong Tee": 16,
        "Goh Chok Tong": 13,
        "Koh Yong Guan": 5,
        "Edward Robinson": 4,
        "Lawrence Wong": 3,
        "Leong Sing Chiong": 2,
        "Yeo Lian Sim": 1,
        "John Palmer": 1,
        "Hern Shin Ho": 1
    },
    "audiences": {
        "financial_market": 0.6731391585760518,
        "central_bank": 0.1650485436893204,
        "academic": 0.08414239482200647,
        "political": 0.07766990291262135
    },
    "monetary_dominance": 0.5486390430556526,
    "fiscal_dominance_mean": 0.05169367992555572,
    "financial_dominance_mean": 0.3996672770187916,
    "top_topics": [
        [
            "risk management",
            0.22977346278317154
        ],
        [
            "financial stability",
            0.1779935275080906
        ],
        [
            "monetary policy",
            0.17475728155339806
        ],
        [
            "singapore",
            0.11974110032362459
        ],
        [
            "economic growth",
            0.1132686084142395
        ],
        [
            "asia",
            0.10679611650485436
        ],
        [
            "inflation",
            0.10355987055016182
        ],
        [
            "climate change",
            0.10032362459546926
        ],
        [
            "corporate governance",
            0.09708737864077668
        ],
        [
            "innovation",
            0.09061488673139159
        ]
    ],
    "year": [
        1999,
        2000,
        2001,
        2002,
        2003,
        2004,
        2005,
        2006,
        2007,
        2008,
        2009,
        2010,
        2011,
        2012,
        2013,
        2014,
        2015,
        2016,
        2017,
        2018,
        2019,
        2020,
        2021,
        2022,
        2023
    ],
    "monetary_dominance_yearly": [
        0.13350785340314136,
        0.46791328550707595,
        0.5506376129751146,
        0.39242485666299876,
        1.0,
        0.5183160196828869,
        null,
        1.0,
        null,
        0.21269633507853403,
        0.19665183301546935,
        0.6403785488958992,
        0.6367056601474441,
        0.7941197349739706,
        0.46384178728530495,
        0.304959100204499,
        0.760713446967356,
        0.6997271143160871,
        0.5311040078682076,
        0.2621524092549352,
        0.5684743905779239,
        0.10937499999999999,
        0.5751593905623871,
        0.7040816326530612,
        0.5579558767217292
    ],
    "fiscal_dominance_yearly": [
        0.3115183246073298,
        0.24971578658512686,
        0.0,
        0.0407714136792726,
        0.0,
        0.0,
        null,
        0.0,
        null,
        0.0,
        0.02415766052129688,
        0.0,
        0.09203070736611221,
        0.0,
        0.015605891908664465,
        0.12295501022494887,
        0.0,
        0.0,
        0.0,
        0.043462109955423475,
        0.13708572993700358,
        0.0,
        0.03954366191226382,
        0.0,
        0.10911582834459985
    ],
    "financial_dominance_yearly": [
        0.5549738219895287,
        0.2823709279077973,
        0.4493623870248855,
        0.5668037296577286,
        0.0,
        0.4816839803171131,
        null,
        0.0,
        null,
        0.7873036649214659,
        0.7791905064632337,
        0.35962145110410093,
        0.27126363248644364,
        0.20588026502602935,
        0.5205523208060306,
        0.5720858895705521,
        0.2392865530326441,
        0.30027288568391286,
        0.4688959921317925,
        0.6943854807896412,
        0.2944398794850726,
        0.890625,
        0.3852969475253492,
        0.2959183673469388,
        0.33292829493367093
    ]
}