{
    "name": "National Bank of Romania",
    "country": "ROU",
    "currency": "Romanian Leu",
    "currency_code": "RON",
    "advanced": 0.0,
    "cb_location": "Bucharest",
    "cb_latitude": 44.4268,
    "cb_longitude": 26.1025,
    "number_of_speeches": [
        1,
        3,
        2,
        1,
        5,
        4,
        4,
        4,
        4,
        6,
        5,
        10,
        12,
        2,
        1,
        3,
        2
    ],
    "number_of_speakers": 5,
    "speakers": {
        "Mugur Is\u0103rescu": 56,
        "Liviu Voinea": 6,
        "Mugur Isarescu": 4,
        "Florin Georgescu": 2,
        "Leonardo Badea": 1
    },
    "audiences": {
        "academic": 0.3333333333333333,
        "financial_market": 0.2898550724637681,
        "central_bank": 0.2463768115942029,
        "political": 0.13043478260869565
    },
    "pressures": {
        "monetary_dominance": 0.7007023438263519,
        "fiscal_dominance": 0.08138135868927712,
        "financial_dominance": 0.21791629748437102
    },
    "top_topics": [
        [
            "financial stability",
            0.43478260869565216
        ],
        [
            "economic growth",
            0.34782608695652173
        ],
        [
            "monetary policy",
            0.2898550724637681
        ],
        [
            "inflation",
            0.20289855072463767
        ],
        [
            "european union",
            0.14492753623188406
        ],
        [
            "real convergence",
            0.14492753623188406
        ],
        [
            "euro adoption",
            0.13043478260869565
        ],
        [
            "romania",
            0.13043478260869565
        ],
        [
            "structural reforms",
            0.13043478260869565
        ],
        [
            "inflation targeting",
            0.11594202898550725
        ]
    ],
    "governors": [],
    "year": [
        2005,
        2008,
        2009,
        2010,
        2011,
        2012,
        2013,
        2014,
        2015,
        2016,
        2017,
        2018,
        2019,
        2020,
        2021,
        2022,
        2023
    ],
    "monetary_dominance_yearly": [
        1.0,
        0.7311004784688995,
        0.42350088183421514,
        null,
        0.8928571428571429,
        0.3944701795020266,
        0.6666666666666666,
        0.5507042253521127,
        0.6228756787250547,
        0.6009003074220466,
        0.34782608695652173,
        0.8120943353840315,
        0.7390350877192982,
        null,
        0.9333333333333332,
        1.0,
        null
    ],
    "fiscal_dominance_yearly": [
        0.0,
        0.07177033492822966,
        0.13293650793650794,
        null,
        0.10714285714285715,
        0.03763752171395483,
        0.0,
        0.061971830985915494,
        0.09731330653691558,
        0.15151515151515152,
        0.06521739130434782,
        0.07388729434784067,
        0.075,
        null,
        0.0,
        0.0,
        null
    ],
    "financial_dominance_yearly": [
        0.0,
        0.19712918660287082,
        0.4435626102292769,
        null,
        0.0,
        0.5678922987840185,
        0.3333333333333333,
        0.3873239436619718,
        0.2798110147380297,
        0.24758454106280195,
        0.5869565217391306,
        0.11401837026812776,
        0.18596491228070175,
        null,
        0.06666666666666667,
        0.0,
        null
    ]
}