{
    "name": "National Bank of Denmark",
    "country": "DNK",
    "currency": "Danish Krone",
    "currency_code": "DKK",
    "advanced": 1.0,
    "cb_location": "Copenhagen",
    "cb_latitude": 55.6761,
    "cb_longitude": 12.5683,
    "number_of_speeches": [
        2,
        1,
        3,
        3,
        6,
        2,
        8,
        7,
        5,
        5,
        6,
        4,
        4,
        7,
        6,
        3,
        3,
        8,
        7,
        7,
        1,
        4,
        4,
        3
    ],
    "number_of_speakers": 9,
    "speakers": {
        "Lars Rohde": 38,
        "Nils Bernstein": 31,
        "Jens Thomsen": 14,
        "Bodil Nyboe Andersen": 11,
        "Per Callesen": 7,
        "Signe Krogstrup": 5,
        "Torben Nielsen": 1,
        "Hugo Frey Jensen": 1,
        "Christian Kettel Thomsen": 1
    },
    "audiences": {
        "financial_market": 0.6238532110091743,
        "central_bank": 0.1743119266055046,
        "academic": 0.14678899082568808,
        "political": 0.05504587155963303
    },
    "monetary_dominance": 0.606387722038403,
    "fiscal_dominance_mean": 0.10488261032685021,
    "financial_dominance_mean": 0.2887296676347469,
    "top_topics": [
        [
            "monetary policy",
            0.30275229357798167
        ],
        [
            "inflation",
            0.28440366972477066
        ],
        [
            "financial stability",
            0.28440366972477066
        ],
        [
            "fiscal policy",
            0.26605504587155965
        ],
        [
            "interest rates",
            0.25688073394495414
        ],
        [
            "housing market",
            0.1743119266055046
        ],
        [
            "economic growth",
            0.14678899082568808
        ],
        [
            "banking union",
            0.12844036697247707
        ],
        [
            "fixed-exchange-rate policy",
            0.11009174311926606
        ],
        [
            "financial crisis",
            0.11009174311926606
        ]
    ],
    "year": [
        2000,
        2001,
        2002,
        2003,
        2004,
        2005,
        2006,
        2007,
        2008,
        2009,
        2010,
        2011,
        2012,
        2013,
        2014,
        2015,
        2016,
        2017,
        2018,
        2019,
        2020,
        2021,
        2022,
        2023
    ],
    "monetary_dominance_yearly": [
        0.864729249425047,
        1.0,
        0.918180733315433,
        0.838623454727698,
        0.8524266817884837,
        1.0,
        0.8085892826678966,
        0.41866028708133973,
        0.14712314939434723,
        0.6046837246259299,
        0.37614919884423426,
        0.7173252279635258,
        0.79858464888405,
        0.3125308496626254,
        0.3324604213784073,
        0.5230331496703099,
        0.018900343642611686,
        0.6573121415919942,
        0.33955434373824744,
        0.3937713634637296,
        0.5555555555555556,
        0.42276422764227645,
        0.7501820935556224,
        0.701219512195122
    ],
    "fiscal_dominance_yearly": [
        0.10370060631402885,
        0.0,
        0.03259345445866523,
        0.14901436685599734,
        0.14239573959245058,
        0.0,
        0.13147402806649522,
        0.07177033492822966,
        0.05274226110363392,
        0.15770585282683752,
        0.28421329130548983,
        0.21428571428571433,
        0.08165487207403374,
        0.16244869160112788,
        0.09284608975122007,
        0.009213259868123928,
        0.018900343642611686,
        0.0035144942062429975,
        0.2081374576908612,
        0.09441701481200152,
        0.037037037037037035,
        0.0,
        0.04691799431174417,
        0.12804878048780488
    ],
    "financial_dominance_yearly": [
        0.0315701442609241,
        0.0,
        0.04922581222590173,
        0.01236217841630471,
        0.005177578619065817,
        0.0,
        0.05993668926560812,
        0.5095693779904306,
        0.8001345895020189,
        0.23761042254723252,
        0.3396375098502758,
        0.06838905775075989,
        0.11976047904191614,
        0.5250204587362468,
        0.5746934888703725,
        0.4677535904615663,
        0.9621993127147768,
        0.33917336420176264,
        0.45230819857089133,
        0.5118116217242689,
        0.4074074074074074,
        0.5772357723577236,
        0.2028999121326335,
        0.17073170731707316
    ]
}