{
    "name": "National Bank of Belgium",
    "country": "BEL",
    "currency": "Euro",
    "currency_code": "EUR",
    "advanced": 1.0,
    "cb_location": "Brussels",
    "cb_latitude": 50.8503,
    "cb_longitude": 4.3517,
    "number_of_speeches": [
        1,
        1,
        3,
        2,
        3,
        3,
        1,
        2,
        6,
        2,
        2,
        3,
        2,
        5,
        2
    ],
    "number_of_speakers": 4,
    "speakers": {
        "Guy Quaden": 29,
        "Jan Smets": 5,
        "Luc Coene": 2,
        "Pierre Wunsch": 2
    },
    "audiences": {
        "academic": 0.3684210526315789,
        "financial_market": 0.34210526315789475,
        "central_bank": 0.2631578947368421,
        "political": 0.02631578947368421
    },
    "monetary_dominance": 0.8114687148206897,
    "fiscal_dominance_mean": 0.013766441206229068,
    "financial_dominance_mean": 0.17476484397308123,
    "top_topics": [
        [
            "monetary policy",
            0.5263157894736842
        ],
        [
            "financial stability",
            0.39473684210526316
        ],
        [
            "economic growth",
            0.2894736842105263
        ],
        [
            "inflation",
            0.18421052631578946
        ],
        [
            "price stability",
            0.15789473684210525
        ],
        [
            "euro",
            0.15789473684210525
        ],
        [
            "interest rates",
            0.15789473684210525
        ],
        [
            "fiscal policy",
            0.15789473684210525
        ],
        [
            "structural reforms",
            0.13157894736842105
        ],
        [
            "euro area",
            0.10526315789473684
        ]
    ],
    "year": [
        1999,
        2000,
        2001,
        2002,
        2003,
        2004,
        2005,
        2006,
        2007,
        2008,
        2009,
        2010,
        2011,
        2018,
        2022
    ],
    "monetary_dominance_yearly": [
        1.0,
        1.0,
        0.9857142857142858,
        0.8502066115702479,
        1.0,
        1.0,
        1.0,
        0.8333333333333334,
        0.7578608423297656,
        0.5042301184433164,
        0.7894736842105263,
        0.0,
        0.5170068027210883,
        0.7211454471776554,
        0.6888888888888889
    ],
    "fiscal_dominance_yearly": [
        0.0,
        0.0,
        0.0,
        0.0,
        0.0,
        0.0,
        0.0,
        0.0,
        0.03503808688853368,
        0.06598984771573604,
        0.0,
        0.0,
        0.043083900226757364,
        0.0,
        0.08888888888888888
    ],
    "financial_dominance_yearly": [
        0.0,
        0.0,
        0.014285714285714285,
        0.14979338842975207,
        0.0,
        0.0,
        0.0,
        0.16666666666666666,
        0.2071010707817007,
        0.42978003384094754,
        0.2105263157894737,
        1.0,
        0.4399092970521542,
        0.2788545528223446,
        0.2222222222222222
    ]
}