{
    "name": "National Bank of Serbia",
    "country": "SRB",
    "currency": "Serbian Dinar",
    "currency_code": "RSD",
    "advanced": 0.0,
    "cb_location": "Belgrade",
    "cb_latitude": 44.7866,
    "cb_longitude": 20.4489,
    "number_of_speeches": [
        1,
        1,
        5,
        15,
        14,
        6,
        4,
        4,
        6,
        1,
        8,
        7,
        6,
        7,
        3,
        13,
        10,
        11,
        1
    ],
    "number_of_speakers": 7,
    "speakers": {
        "Jorgovanka Tabakovi\u0107": 64,
        "Radovan Jela\u0161i\u0107": 42,
        "Bojan Markovi\u0107": 9,
        "Zeljko Jovi\u0107": 4,
        "Dejan \u0160o\u0161ki\u0107": 2,
        "Mira Eric-Jovic": 1,
        "Veselin Pje\u0161\u010di\u0107": 1
    },
    "audiences": {
        "central_bank": 0.43089430894308944,
        "financial_market": 0.3983739837398374,
        "academic": 0.0975609756097561,
        "political": 0.07317073170731707
    },
    "pressures": {
        "monetary_dominance": 0.8402598483023682,
        "fiscal_dominance": 0.06626948331798238,
        "financial_dominance": 0.09347066837964946
    },
    "top_topics": [
        [
            "monetary policy",
            0.5609756097560976
        ],
        [
            "inflation",
            0.5447154471544715
        ],
        [
            "economic growth",
            0.41463414634146345
        ],
        [
            "financial stability",
            0.38211382113821135
        ],
        [
            "fiscal policy",
            0.2682926829268293
        ],
        [
            "exchange rate",
            0.2113821138211382
        ],
        [
            "banking sector",
            0.13821138211382114
        ],
        [
            "serbia",
            0.13008130081300812
        ],
        [
            "current account deficit",
            0.13008130081300812
        ],
        [
            "foreign direct investment",
            0.13008130081300812
        ]
    ],
    "governors": [],
    "year": [
        2004,
        2005,
        2006,
        2007,
        2008,
        2009,
        2010,
        2011,
        2012,
        2014,
        2016,
        2017,
        2018,
        2019,
        2020,
        2021,
        2022,
        2023,
        2024
    ],
    "monetary_dominance_yearly": [
        0.5714285714285714,
        0.9166666666666666,
        0.8653260207190737,
        0.8892929851093533,
        0.616813093174272,
        0.532967681056853,
        0.675742067553736,
        0.7080721504413457,
        0.7848654204406758,
        1.0,
        0.9284502471048167,
        0.8191572286670641,
        0.9331493890421757,
        0.9705747126436782,
        1.0,
        0.8448039344552565,
        0.9737062872771988,
        0.8632332971072508,
        1.0
    ],
    "fiscal_dominance_yearly": [
        0.42857142857142855,
        0.0,
        0.09323583180987204,
        0.07090873915066664,
        0.15264596127288219,
        0.10238263741448454,
        0.02661207778915046,
        0.06908020979915569,
        0.08909873450247317,
        0.0,
        0.042044700154901526,
        0.0935393644825531,
        0.04793062672447773,
        0.0,
        0.0,
        0.10302514548007861,
        0.0,
        0.0,
        0.0
    ],
    "financial_dominance_yearly": [
        0.0,
        0.08333333333333334,
        0.04143814747105424,
        0.03979827573998017,
        0.23054094555284577,
        0.36464968152866245,
        0.29764585465711363,
        0.22284763975949853,
        0.126035845056851,
        0.0,
        0.02950505274028177,
        0.08730340685038288,
        0.01891998423334647,
        0.02942528735632184,
        0.0,
        0.05217092006466483,
        0.026293712722801295,
        0.13676670289274923,
        0.0
    ]
}