{
    "name": "National Bank of North Macedonia",
    "country": "MKD",
    "currency": "Denar",
    "currency_code": "MKD",
    "advanced": 0.0,
    "cb_location": "Skopje",
    "cb_latitude": 41.9973,
    "cb_longitude": 21.428,
    "number_of_speeches": [
        1,
        3,
        2,
        2,
        2,
        4,
        2,
        5,
        11,
        8,
        4,
        6,
        4,
        11,
        12,
        5,
        5,
        3
    ],
    "number_of_speakers": 9,
    "speakers": {
        "Anita Angelovska Bezoska": 36,
        "Dimitar Bogov": 25,
        "Petar Goshev": 12,
        "Maja Kadievska-Vojnovik": 9,
        "Ana Mitreska": 3,
        "Fadilj Bajrami": 2,
        "Ljube Trpeski": 1,
        "T T Mboweni": 1,
        "Emilija Nacevska": 1
    },
    "audiences": {
        "central_bank": 0.43333333333333335,
        "financial_market": 0.24444444444444444,
        "academic": 0.2,
        "political": 0.12222222222222222
    },
    "monetary_dominance": 0.7077017697202749,
    "fiscal_dominance_mean": 0.0407908998257562,
    "financial_dominance_mean": 0.25150733045396895,
    "top_topics": [
        [
            "monetary policy",
            0.4666666666666667
        ],
        [
            "financial stability",
            0.4666666666666667
        ],
        [
            "economic growth",
            0.2555555555555556
        ],
        [
            "inflation",
            0.24444444444444446
        ],
        [
            "financial inclusion",
            0.15555555555555556
        ],
        [
            "banking system",
            0.12222222222222223
        ],
        [
            "structural reforms",
            0.12222222222222223
        ],
        [
            "fiscal policy",
            0.11111111111111112
        ],
        [
            "central bank",
            0.11111111111111112
        ],
        [
            "central banks",
            0.1
        ]
    ],
    "year": [
        2001,
        2006,
        2007,
        2008,
        2009,
        2010,
        2011,
        2012,
        2013,
        2014,
        2015,
        2016,
        2017,
        2018,
        2019,
        2020,
        2021,
        2023
    ],
    "monetary_dominance_yearly": [
        0.8787878787878788,
        0.6765734265734266,
        1.0,
        0.4285714285714286,
        0.596816976127321,
        0.23809523809523808,
        0.5370843989769821,
        0.7227480309749157,
        0.7246806979672603,
        0.7914893617021277,
        0.845360824742268,
        0.570592538405267,
        0.7777777777777778,
        0.8529411764705882,
        0.5510204081632654,
        0.819918144611187,
        1.0,
        0.37922077922077924
    ],
    "fiscal_dominance_yearly": [
        0.0909090909090909,
        0.17482517482517482,
        0.0,
        0.0,
        0.02320954907161804,
        0.19047619047619047,
        0.040920716112531966,
        0.06308444351994555,
        0.13095880554056485,
        0.0,
        0.0,
        0.0,
        0.05555555555555555,
        0.0,
        0.0,
        0.01637107776261937,
        0.0,
        0.0
    ],
    "financial_dominance_yearly": [
        0.0303030303030303,
        0.1486013986013986,
        0.0,
        0.5714285714285715,
        0.37997347480106103,
        0.5714285714285714,
        0.421994884910486,
        0.21416752550513887,
        0.14436049649217486,
        0.2085106382978723,
        0.15463917525773194,
        0.429407461594733,
        0.16666666666666666,
        0.14705882352941177,
        0.4489795918367347,
        0.16371077762619374,
        0.0,
        0.6207792207792208
    ]
}