{
    "name": "Reserve Bank of Malawi",
    "country": "MWI",
    "currency": "Malawi Kwacha",
    "currency_code": "MWK",
    "advanced": 0.0,
    "cb_location": "Lilongwe",
    "cb_latitude": -13.9626,
    "cb_longitude": 33.7741,
    "number_of_speeches": [
        1,
        3,
        3,
        5,
        3,
        1,
        4,
        2,
        1,
        2
    ],
    "number_of_speakers": 7,
    "speakers": {
        "Mary C Nkosi": 9,
        "Perks M Ligoya": 5,
        "Charles S R Chuka": 5,
        "Victor Mbewe": 2,
        "Dalitso Kabambe": 2,
        "E E Ngalande": 1,
        "Grant Kabango": 1
    },
    "audiences": {
        "financial_market": 0.52,
        "central_bank": 0.24,
        "academic": 0.2,
        "political": 0.04
    },
    "monetary_dominance": 0.5994474300238674,
    "fiscal_dominance_mean": 0.3176974049162416,
    "financial_dominance_mean": 0.08285516505989095,
    "top_topics": [
        [
            "economic growth",
            0.32
        ],
        [
            "monetary policy",
            0.28
        ],
        [
            "inflation",
            0.2
        ],
        [
            "exchange rate",
            0.16
        ],
        [
            "financial services",
            0.16
        ],
        [
            "financial stability",
            0.12
        ],
        [
            "reserve bank",
            0.12
        ],
        [
            "regulation",
            0.12
        ],
        [
            "financial sector",
            0.12
        ],
        [
            "capital markets",
            0.12
        ]
    ],
    "year": [
        2003,
        2007,
        2008,
        2009,
        2010,
        2011,
        2012,
        2014,
        2016,
        2017
    ],
    "monetary_dominance_yearly": [
        0.36363636363636365,
        0.5652173913043478,
        null,
        null,
        1.0,
        null,
        0.4256756756756757,
        null,
        0.8,
        0.6666666666666666
    ],
    "fiscal_dominance_yearly": [
        0.0,
        0.43478260869565216,
        null,
        null,
        0.0,
        null,
        0.41693163751987283,
        null,
        0.2,
        0.3333333333333333
    ],
    "financial_dominance_yearly": [
        0.6363636363636364,
        0.0,
        null,
        null,
        0.0,
        null,
        0.15739268680445154,
        null,
        0.0,
        0.0
    ]
}