{
    "name": "Reserve Bank of Australia",
    "country": "AUS",
    "currency": "Australian Dollar",
    "currency_code": "AUD",
    "advanced": 1.0,
    "cb_location": "Sydney",
    "cb_latitude": -33.8688,
    "cb_longitude": 151.2093,
    "number_of_speeches": [
        10,
        13,
        9,
        12,
        8,
        12,
        10,
        10,
        13,
        9,
        10,
        17,
        17,
        29,
        32,
        27,
        26,
        27,
        35,
        26,
        35,
        38,
        37,
        24,
        22,
        17,
        19
    ],
    "number_of_speakers": 15,
    "speakers": {
        "Glenn Stevens": 127,
        "Philip Lowe": 125,
        "Guy Debelle": 87,
        "Ian J Macfarlane": 59,
        "Christopher Kent": 43,
        "Ric Battellino": 22,
        "Malcolm Edey": 21,
        "Michele Bullock": 19,
        "Luci Ellis": 15,
        "Stephen Grenville": 14,
        "Graeme J. Thompson": 5,
        "Brad Jones": 3,
        "Lindsay Boulton": 2,
        "Philip Lowe; Jacqueline Loh": 1,
        "Marion Kohler": 1
    },
    "audiences": {
        "financial_market": 0.6378676470588235,
        "academic": 0.16176470588235295,
        "political": 0.15992647058823528,
        "central_bank": 0.04044117647058824
    },
    "monetary_dominance": 0.7031441236995837,
    "fiscal_dominance_mean": 0.055143529263273115,
    "financial_dominance_mean": 0.24171234703714312,
    "top_topics": [
        [
            "monetary policy",
            0.4834558823529412
        ],
        [
            "inflation",
            0.3952205882352941
        ],
        [
            "interest rates",
            0.23713235294117646
        ],
        [
            "economic growth",
            0.21139705882352944
        ],
        [
            "financial stability",
            0.2077205882352941
        ],
        [
            "global economy",
            0.1213235294117647
        ],
        [
            "labour market",
            0.10477941176470587
        ],
        [
            "exchange rate",
            0.10477941176470587
        ],
        [
            "unemployment",
            0.10110294117647059
        ],
        [
            "productivity",
            0.09926470588235294
        ]
    ],
    "year": [
        1997,
        1998,
        1999,
        2000,
        2001,
        2002,
        2003,
        2004,
        2005,
        2006,
        2007,
        2008,
        2009,
        2010,
        2011,
        2012,
        2013,
        2014,
        2015,
        2016,
        2017,
        2018,
        2019,
        2020,
        2021,
        2022,
        2023
    ],
    "monetary_dominance_yearly": [
        0.7802474628610158,
        0.461312257339978,
        0.774408322094426,
        0.922659713016714,
        0.8318227211314493,
        0.8656228224241133,
        0.49566156102330133,
        0.8385414789142202,
        0.7950743398940308,
        0.7859247135842881,
        0.7532454735804902,
        0.7256214839389608,
        0.4285069247816025,
        0.6914238345714978,
        0.6230763107898358,
        0.6393905123525834,
        0.6047845658270365,
        0.5581009234590559,
        0.573302240425502,
        0.6674870998924889,
        0.5671861564116837,
        0.7183874937017763,
        0.7695998889553594,
        0.5620299408413878,
        0.823609138589753,
        0.8304527101036555,
        0.9277480775102664
    ],
    "fiscal_dominance_yearly": [
        0.0655621316129756,
        0.06677572521645819,
        0.009319431643766229,
        0.0019119759142861364,
        0.0693584996861662,
        0.05280916906451891,
        0.0,
        0.0,
        0.05017832768262075,
        0.014884596053971159,
        0.0,
        0.010025778296820618,
        0.046284608597691256,
        0.08501897726447406,
        0.17110419551196787,
        0.07068540241514452,
        0.01159767207184391,
        0.05553759041200587,
        0.022120981497083737,
        0.04883174174181677,
        0.0442876375105933,
        0.0646480461994391,
        0.04745223237868091,
        0.2056606388131523,
        0.07910468186111927,
        0.03482282270640248,
        0.005363875870187347
    ],
    "financial_dominance_yearly": [
        0.1541904055260086,
        0.4719120174435639,
        0.21627224626180783,
        0.07542831106899993,
        0.0988187791823845,
        0.08156800851136793,
        0.5043384389766987,
        0.1614585210857799,
        0.15474733242334843,
        0.1991906903617408,
        0.24675452641950976,
        0.26435273776421864,
        0.5252084666207062,
        0.22355718816402806,
        0.20581949369819627,
        0.2899240852322721,
        0.3836177621011195,
        0.3863614861289383,
        0.4045767780774142,
        0.2836811583656943,
        0.38852620607772315,
        0.21696446009878456,
        0.18294787866595977,
        0.23230942034545987,
        0.09728617954912763,
        0.134724467189942,
        0.06688804661954612
    ]
}