{
    "name": "State Bank of Pakistan",
    "country": "PAK",
    "currency": "Pakistan Rupee",
    "currency_code": "PKR",
    "advanced": 0.0,
    "cb_location": "Islamabad",
    "cb_latitude": 33.6844,
    "cb_longitude": 73.0479,
    "number_of_speeches": [
        1,
        4,
        10,
        21,
        13,
        12,
        15,
        1,
        4,
        4,
        14,
        9,
        5,
        3,
        5,
        6,
        2,
        4,
        2
    ],
    "number_of_speakers": 11,
    "speakers": {
        "Shamshad Akhtar": 40,
        "Ishrat Husain": 36,
        "Yaseen Anwar": 23,
        "Ashraf Mahmood Wathra": 12,
        "Tariq Bajwa": 7,
        "Kazi Abdul Muktadir": 6,
        "Jameel Ahmad": 5,
        "Syed Salim Raza": 2,
        "Muhammad Kamran Shehzad": 2,
        "Shahid H Kardar": 1,
        "Mr Saeed Ahmad": 1
    },
    "audiences": {
        "financial_market": 0.5777777777777777,
        "academic": 0.2518518518518518,
        "political": 0.1111111111111111,
        "central_bank": 0.05925925925925926
    },
    "monetary_dominance": 0.5736886739327,
    "fiscal_dominance_mean": 0.2715612010144681,
    "financial_dominance_mean": 0.15475012505283184,
    "top_topics": [
        [
            "financial inclusion",
            0.3481481481481481
        ],
        [
            "economic growth",
            0.3333333333333333
        ],
        [
            "monetary policy",
            0.22222222222222224
        ],
        [
            "risk management",
            0.17777777777777778
        ],
        [
            "microfinance",
            0.14814814814814814
        ],
        [
            "financial stability",
            0.14814814814814814
        ],
        [
            "inflation",
            0.12592592592592594
        ],
        [
            "banking sector",
            0.11851851851851851
        ],
        [
            "corporate governance",
            0.11111111111111112
        ],
        [
            "islamic finance",
            0.11111111111111112
        ]
    ],
    "year": [
        2001,
        2003,
        2004,
        2005,
        2006,
        2007,
        2008,
        2009,
        2010,
        2011,
        2012,
        2013,
        2014,
        2015,
        2016,
        2017,
        2018,
        2019,
        2022
    ],
    "monetary_dominance_yearly": [
        0.30000000000000004,
        0.384180790960452,
        0.8670695454901041,
        0.61037563964894,
        0.6911244437156417,
        0.6350825564122308,
        0.3827199812428561,
        0.6,
        0.5692307692307692,
        0.14285714285714285,
        0.7225483269018244,
        0.19762579252664234,
        null,
        null,
        1.0,
        0.0,
        null,
        0.7875,
        null
    ],
    "fiscal_dominance_yearly": [
        0.65,
        0.4899845916795069,
        0.10007431745286709,
        0.2908593123104993,
        0.2098168508067102,
        0.23181300793388251,
        0.2688197002113435,
        0.2,
        0.3538461538461538,
        0.42857142857142855,
        0.0,
        0.5652232564413866,
        null,
        null,
        0.0,
        0.0,
        null,
        0.2125,
        null
    ],
    "financial_dominance_yearly": [
        0.05,
        0.1258346173600411,
        0.03285613705702887,
        0.09876504804056065,
        0.0990587054776481,
        0.1331044356538867,
        0.34846031854580034,
        0.2,
        0.07692307692307691,
        0.42857142857142855,
        0.27745167309817564,
        0.23715095103197084,
        null,
        null,
        0.0,
        1.0,
        null,
        0.0,
        null
    ]
}