{
    "name": "Sveriges Riksbank",
    "country": "SWE",
    "currency": "Swedish Krona",
    "currency_code": "SEK",
    "advanced": 1.0,
    "cb_location": "Stockholm",
    "cb_latitude": 59.3293,
    "cb_longitude": 18.0686,
    "number_of_speeches": [
        1,
        12,
        17,
        28,
        31,
        30,
        29,
        21,
        27,
        22,
        36,
        22,
        27,
        23,
        27,
        26,
        15,
        17,
        13,
        10,
        11,
        8,
        9,
        9,
        7,
        6,
        6,
        5
    ],
    "number_of_speakers": 21,
    "speakers": {
        "Stefan Ingves": 87,
        "Lars Heikensten": 73,
        "Urban B\u00e4ckstr\u00f6m": 54,
        "Lars Nyberg": 49,
        "Eva Srejber": 32,
        "Svante \u00d6berg": 24,
        "Irma Rosenberg": 21,
        "Barbro Wickman-Parak": 20,
        "Cecilia Skingsley": 19,
        "Villy Bergstr\u00f6m": 16,
        "Kristina Persson": 15,
        "Lars E O Svensson": 15,
        "Per Jansson": 15,
        "Karolina Ekholm": 13,
        "Kerstin af Jochnick": 12,
        "Martin Flod\u00e9n": 10,
        "Henry Ohlsson": 8,
        "Kerstin Hessius": 5,
        "Erik Thed\u00e9en": 4,
        "Anna Breman": 2,
        "Ian J Macfarlane": 1
    },
    "audiences": {
        "financial_market": 0.5131313131313131,
        "academic": 0.2545454545454545,
        "central_bank": 0.1191919191919192,
        "political": 0.11313131313131314
    },
    "pressures": {
        "monetary_dominance": 0.7375099116579469,
        "fiscal_dominance": 0.03681669176715928,
        "financial_dominance": 0.2256733965748938
    },
    "top_topics": [
        [
            "monetary policy",
            0.7131313131313132
        ],
        [
            "inflation",
            0.503030303030303
        ],
        [
            "financial stability",
            0.3575757575757576
        ],
        [
            "economic growth",
            0.29898989898989903
        ],
        [
            "interest rates",
            0.1898989898989899
        ],
        [
            "fiscal policy",
            0.1616161616161616
        ],
        [
            "inflation targeting",
            0.14343434343434344
        ],
        [
            "inflation target",
            0.12525252525252525
        ],
        [
            "repo rate",
            0.12323232323232322
        ],
        [
            "price stability",
            0.11515151515151514
        ]
    ],
    "governors": [
        {
            "governor": "Per \u00c5sbrink",
            "beginning_of_term": "1955-04-01",
            "end_of_term": "1973-10-01",
            "acting": false
        },
        {
            "governor": "Krister Wickman",
            "beginning_of_term": "1973-11-01",
            "end_of_term": "1976-11-01",
            "acting": false
        },
        {
            "governor": "Carl Henrik Nordlander",
            "beginning_of_term": "1976-11-01",
            "end_of_term": "1979-11-01",
            "acting": false
        },
        {
            "governor": "Lars Wohlin",
            "beginning_of_term": "1979-11-01",
            "end_of_term": "1982-10-01",
            "acting": false
        },
        {
            "governor": "Bengt Dennis",
            "beginning_of_term": "1982-10-01",
            "end_of_term": "1993-12-01",
            "acting": false
        },
        {
            "governor": "Urban B\u00e4ckstr\u00f6m",
            "beginning_of_term": "1994-01-01",
            "end_of_term": "2002-12-31",
            "acting": false
        },
        {
            "governor": "Lars Heikensten",
            "beginning_of_term": "2003-01-01",
            "end_of_term": "2005-12-31",
            "acting": false
        },
        {
            "governor": "Stefan Ingves",
            "beginning_of_term": "2006-01-01",
            "end_of_term": "2022-12-31",
            "acting": false
        },
        {
            "governor": "Erik Thed\u00e9en",
            "beginning_of_term": "2023-01-01",
            "end_of_term": null,
            "acting": false
        }
    ],
    "year": [
        1987,
        1997,
        1998,
        1999,
        2000,
        2001,
        2002,
        2003,
        2004,
        2005,
        2006,
        2007,
        2008,
        2009,
        2010,
        2011,
        2012,
        2013,
        2014,
        2015,
        2016,
        2017,
        2018,
        2019,
        2020,
        2021,
        2022,
        2023
    ],
    "monetary_dominance_yearly": [
        0.33999999999999997,
        0.9146626490584566,
        0.8071820407859962,
        0.8232009186273904,
        0.7849160748517151,
        0.814466392141679,
        0.792877981249655,
        0.8047196868732057,
        0.8209730023385364,
        0.8540390646188264,
        0.7601693142012017,
        0.7839972543735734,
        0.6842636346909985,
        0.5113319697456579,
        0.6235061716483605,
        0.5813258586214823,
        0.5277444559926451,
        0.5016161886474333,
        0.4764645417559846,
        0.7377094652587985,
        0.7296177966807579,
        0.6197681547440635,
        0.7776539813845453,
        0.7568653670756561,
        0.6720729384294475,
        0.8081326577441917,
        0.6897785071967271,
        0.8480586354546987
    ],
    "fiscal_dominance_yearly": [
        0.060000000000000005,
        0.05802009410038552,
        0.03677072118145582,
        0.053233307671396266,
        0.026133408366472502,
        0.031354253437213674,
        0.021088318362453895,
        0.043720651646654805,
        0.05388858490648399,
        0.008968962464835474,
        0.06654474148718133,
        0.01358851544658033,
        0.0030666691769466745,
        0.022293315966744606,
        0.02709828591753987,
        0.04496952463925858,
        0.046701815821185606,
        0.01881591564566663,
        0.010732425788673656,
        0.039414090953950834,
        0.08865586297357735,
        0.013226654631616874,
        0.022696350707413878,
        0.06696738057504778,
        0.030998430302050045,
        0.09539746128909961,
        0.08146284611266401,
        0.012941301006445253
    ],
    "financial_dominance_yearly": [
        0.6,
        0.02731725684115784,
        0.156047238032548,
        0.12356577370121344,
        0.18895051678181243,
        0.1541793544211073,
        0.18603370038789105,
        0.15155966148013952,
        0.12513841275497967,
        0.1369919729163382,
        0.173285944311617,
        0.20241423017984633,
        0.3126696961320548,
        0.4663747142875975,
        0.34939554243409965,
        0.3737046167392591,
        0.42555372818616927,
        0.4795678957069001,
        0.5128030324553418,
        0.22287644378725058,
        0.18172634034566482,
        0.36700519062431947,
        0.1996496679080408,
        0.17616725234929603,
        0.29692863126850244,
        0.09646988096670862,
        0.228758646690609,
        0.13900006353885602
    ]
}