{"1987.0": {"monetary_dominance": 0.33999999999999997, "fiscal_dominance": 0.060000000000000005, "financial_dominance": 0.6, "sum_dominance": 0.7575757575757576}, "1996.0": {"monetary_dominance": 0.8904356426634754, "fiscal_dominance": 0.05385547897433953, "financial_dominance": 0.05570887836218508, "sum_dominance": 0.7146942459685371}, "1997.0": {"monetary_dominance": 0.7617336134527444, "fiscal_dominance": 0.07199656154940469, "financial_dominance": 0.16626982499785078, "sum_dominance": 0.6204198289256266}, "1998.0": {"monetary_dominance": 0.6536029659104089, "fiscal_dominance": 0.050041115264951044, "financial_dominance": 0.29635591882463996, "sum_dominance": 0.5944750839610407}, "1999.0": {"monetary_dominance": 0.776800806348234, "fiscal_dominance": 0.05018734575707079, "financial_dominance": 0.1730118478946952, "sum_dominance": 0.611213348112385}, "2000.0": {"monetary_dominance": 0.8314540227323409, "fiscal_dominance": 0.0300930965871063, "financial_dominance": 0.13845288068055275, "sum_dominance": 0.6143421535715919}, "2001.0": {"monetary_dominance": 0.8007117876417587, "fiscal_dominance": 0.057139220033226246, "financial_dominance": 0.14214899232501518, "sum_dominance": 0.5723747065842077}, "2002.0": {"monetary_dominance": 0.803785511349983, "fiscal_dominance": 0.05596791864084339, "financial_dominance": 0.14024657000917357, "sum_dominance": 0.572094687918666}, "2003.0": {"monetary_dominance": 0.7580226135576855, "fiscal_dominance": 0.0725393886816212, "financial_dominance": 0.16943799776069318, "sum_dominance": 0.5395879507405915}, "2004.0": {"monetary_dominance": 0.8128739001531141, "fiscal_dominance": 0.0694657004666334, "financial_dominance": 0.11766039938025255, "sum_dominance": 0.5351663097548346}, "2005.0": {"monetary_dominance": 0.7817537809220889, "fiscal_dominance": 0.07365868786726824, "financial_dominance": 0.14458753121064283, "sum_dominance": 0.48600212902944384}, "2006.0": {"monetary_dominance": 0.8188267769322749, "fiscal_dominance": 0.04892254257188998, "financial_dominance": 0.13225068049583513, "sum_dominance": 0.4974314796977581}, "2007.0": {"monetary_dominance": 0.7430936350067786, "fiscal_dominance": 0.0627686037372546, "financial_dominance": 0.19413776125596682, "sum_dominance": 0.4651661257700669}, "2008.0": {"monetary_dominance": 0.6506284596169238, "fiscal_dominance": 0.04278722296735796, "financial_dominance": 0.3065843174157183, "sum_dominance": 0.4490185509317344}, "2009.0": {"monetary_dominance": 0.511927777335672, "fiscal_dominance": 0.06803550457643202, "financial_dominance": 0.42003671808789594, "sum_dominance": 0.4036120823963961}, "2010.0": {"monetary_dominance": 0.5885388262317546, "fiscal_dominance": 0.09876428456433486, "financial_dominance": 0.31269688920391064, "sum_dominance": 0.4416675395500068}, "2011.0": {"monetary_dominance": 0.6238776499167712, "fiscal_dominance": 0.10761905714070853, "financial_dominance": 0.2685032929425204, "sum_dominance": 0.4792733138590818}, "2012.0": {"monetary_dominance": 0.6091938467663702, "fiscal_dominance": 0.10477274667240512, "financial_dominance": 0.2860334065612246, "sum_dominance": 0.42270371007931745}, "2013.0": {"monetary_dominance": 0.6044549714218574, "fiscal_dominance": 0.08720441003042183, "financial_dominance": 0.3083406185477206, "sum_dominance": 0.4187385874589248}, "2014.0": {"monetary_dominance": 0.6443214736916425, "fiscal_dominance": 0.05887034147027099, "financial_dominance": 0.29680818483808646, "sum_dominance": 0.4253137173780494}, "2015.0": {"monetary_dominance": 0.6429825599549869, "fiscal_dominance": 0.07692075182913354, "financial_dominance": 0.2800966882158797, "sum_dominance": 0.428624909693603}, "2016.0": {"monetary_dominance": 0.6536749099619429, "fiscal_dominance": 0.0709261643575225, "financial_dominance": 0.2753989256805346, "sum_dominance": 0.396893510437961}, "2017.0": {"monetary_dominance": 0.6777496461588227, "fiscal_dominance": 0.05133323388240133, "financial_dominance": 0.270917119958776, "sum_dominance": 0.3844421732446521}, "2018.0": {"monetary_dominance": 0.7159315938253896, "fiscal_dominance": 0.06409903537522292, "financial_dominance": 0.21996937079938753, "sum_dominance": 0.3779426029150006}, "2019.0": {"monetary_dominance": 0.7299222645947521, "fiscal_dominance": 0.05012856399705038, "financial_dominance": 0.21994917140819759, "sum_dominance": 0.3580305166980819}, "2020.0": {"monetary_dominance": 0.6296845334623302, "fiscal_dominance": 0.10835527809912275, "financial_dominance": 0.2619601884385471, "sum_dominance": 0.2855261285875632}, "2021.0": {"monetary_dominance": 0.7500530457785096, "fiscal_dominance": 0.07753398551089637, "financial_dominance": 0.17241296871059406, "sum_dominance": 0.29295992957861144}, "2022.0": {"monetary_dominance": 0.8318912778337502, "fiscal_dominance": 0.0418912600981565, "financial_dominance": 0.12621746206809337, "sum_dominance": 0.4716061558726739}, "2023.0": {"monetary_dominance": 0.803108440762918, "fiscal_dominance": 0.03629377257800237, "financial_dominance": 0.16059778665907967, "sum_dominance": 0.48639923418888265}, "2024.0": {"monetary_dominance": 0.8635997706746537, "fiscal_dominance": 0.02348823705783833, "financial_dominance": 0.11291199226750799, "sum_dominance": 0.4520507276393929}}